sentence,prediction,gold_inflection,is_same,gold_original,is_same,log_prob
[CLS] The headquarter:3 of KLM:2 Cityhopper:3 is in [MASK] [MASK] [MASK] [MASK] [MASK] . [SEP],"K , City , Singapore",Haarlemmermeer:3,0,Haarlemmermeer:3,0,-2.24562
[CLS] The headquarter:3 of KLM:2 Cityhopper:3 is in [MASK] . [SEP],Amsterdam,Haarlemmermeer:3,0,Haarlemmermeer:3,0,-3.07306
[CLS] The headquarter:3 of COVRA:3 is in [MASK] [MASK] [MASK] [MASK] [MASK] . [SEP],"the . , , .",Vlissingen:3,0,Vlissingen:3,0,-2.50575
[CLS] The headquarter:3 of COVRA:3 is in [MASK] . [SEP],Bogotá,Vlissingen:3,0,Vlissingen:3,0,-3.14554
[CLS] The headquarter:3 of Corendon:3 Dutch Airlines is in [MASK] [MASK] [MASK] [MASK] . [SEP],"the , , Netherlands",Haarlemmermeer:3,0,Haarlemmermeer:3,0,-2.03378
[CLS] The headquarter:3 of Corendon:3 Dutch Airlines is in [MASK] . [SEP],Rotterdam,Haarlemmermeer:3,0,Haarlemmermeer:3,0,-2.24606
[CLS] The headquarter:3 of Douwe:2 Egberts:4 is in [MASK] . [SEP],Utrecht,Amsterdam,0,Amsterdam,0,-2.52422
[CLS] The headquarter:3 of Douwe:2 Egberts:4 is in [MASK] . [SEP],Brussels,Amsterdam,0,Amsterdam,0,-2.76881
[CLS] The headquarter:3 of J . L . van den Heuvel:2 Orgelbouw:2 is in [MASK] . [SEP],Utrecht,Dordrecht,0,Dordrecht,0,-2.30666
[CLS] The headquarter:3 of J . L . van den Heuvel:2 Orgelbouw:2 is in [MASK] . [SEP],Rotterdam,Dordrecht,0,Dordrecht,0,-2.73733
[CLS] The headquarter:3 of Stork:3 B . V . is in [MASK] [MASK] [MASK] . [SEP],Stork:3,Naarden:2,0,Naarden:2,0,-1.66811
[CLS] The headquarter:3 of Stork:3 B . V . is in [MASK] [MASK] [MASK] [MASK] [MASK] . [SEP],"the . , , town",Naarden:2,0,Naarden:2,0,-2.72095
[CLS] The headquarter:3 of Eyes + more is in [MASK] [MASK] [MASK] [MASK] [MASK] . [SEP],"the , , , City",Hamburg,0,Hamburg,0,-2.42964
[CLS] The headquarter:3 of Eyes + more is in [MASK] [MASK] [MASK] [MASK] [MASK] . [SEP],San . of .a:2,Hamburg,0,Hamburg,0,-3.45174
[CLS] The headquarter:3 of Gemalto:3 is in [MASK] [MASK] [MASK] . [SEP],Gemalto:3,Amsterdam,0,Amsterdam,0,-1.78882
[CLS] The headquarter:3 of Gemalto:3 is in [MASK] [MASK] [MASK] [MASK] [MASK] . [SEP],"the - , ,a:2",Amsterdam,0,Amsterdam,0,-3.10972
[CLS] The headquarter:3 of VEON:3 is in [MASK] . [SEP],Belgrade,Amsterdam,0,Amsterdam,0,-2.21476
[CLS] The headquarter:3 of VEON:3 is in [MASK] [MASK] [MASK] [MASK] [MASK] . [SEP],"V , ( .a:2",Amsterdam,0,Amsterdam,0,-3.67708
[CLS] The headquarter:3 of Hitachi:2 Construction Machinery:2 is in [MASK] . [SEP],Tokyo,Oosterhout:3,0,Oosterhout:3,0,-1.23220
[CLS] The headquarter:3 of Hitachi:2 Construction Machinery:2 is in [MASK] . [SEP],Osaka,Oosterhout:3,0,Oosterhout:3,0,-2.69831
[CLS] The headquarter:3 of Fair Wear:2 Foundation is in [MASK] [MASK] [MASK] . [SEP],"Fair ,ar:2",Amsterdam,0,Amsterdam,0,-1.91578
[CLS] The headquarter:3 of Fair Wear:2 Foundation is in [MASK] [MASK] [MASK] [MASK] [MASK] . [SEP],the . ( New York,Amsterdam,0,Amsterdam,0,-3.52748
[CLS] The headquarter:3 of Koni:2 B . V . is in [MASK] [MASK] . [SEP],Koni:2,Oud - Beijerland:3,0,Oud - Beijerland:3,0,-1.52843
[CLS] The headquarter:3 of Koni:2 B . V . is in [MASK] [MASK] [MASK] [MASK] [MASK] . [SEP],"K . , ,a:2",Oud - Beijerland:3,0,Oud - Beijerland:3,0,-2.87283
[CLS] The headquarter:3 of Royal Dutch Mathematical Society is in [MASK] [MASK] . [SEP],the Hague,Amsterdam,0,Amsterdam,0,-1.58806
[CLS] The headquarter:3 of Royal Dutch Mathematical Society is in [MASK] . [SEP],Delft,Amsterdam,0,Amsterdam,0,-2.55974
[CLS] The headquarter:3 of Albert Heijn:2 is in [MASK] [MASK] [MASK] [MASK] [MASK] . [SEP],"the - , , Netherlands",Zaandam:3,0,Zaandam:3,0,-2.25652
[CLS] The headquarter:3 of Albert Heijn:2 is in [MASK] . [SEP],Utrecht,Zaandam:3,0,Zaandam:3,0,-2.81504
[CLS] The headquarter:3 of Audax:3 Groep:2 is in [MASK] . [SEP],Amsterdam,Gilze:2,0,Gilze:2,0,-2.15499
[CLS] The headquarter:3 of Audax:3 Groep:2 is in [MASK] . [SEP],Utrecht,Gilze:2,0,Gilze:2,0,-2.47152
[CLS] The headquarter:3 of Radarsoft:3 is in [MASK] [MASK] [MASK] [MASK] [MASK] . [SEP],"the . , , .",Alphen:2 aan den Rijn:2,0,Alphen:2 aan den Rijn:2,0,-2.53025
[CLS] The headquarter:3 of Radarsoft:3 is in [MASK] [MASK] [MASK] [MASK] [MASK] . [SEP],"S , ( . Italy",Alphen:2 aan den Rijn:2,0,Alphen:2 aan den Rijn:2,0,-3.78717
[CLS] The headquarter:3 of Klene:2 is in [MASK] [MASK] . [SEP],Klene:2,Hoorn:2 80,0,Hoorn:2 80,0,-1.28533
[CLS] The headquarter:3 of Klene:2 is in [MASK] [MASK] . [SEP],the town,Hoorn:2 80,0,Hoorn:2 80,0,-2.97687
[CLS] The headquarter:3 of Mammoet:4 is in [MASK] [MASK] [MASK] [MASK] . [SEP],Mammoet:4,Schiedam:3,0,Schiedam:3,0,-1.21673
[CLS] The headquarter:3 of Mammoet:4 is in [MASK] [MASK] [MASK] [MASK] [MASK] . [SEP],the . of -a:2,Schiedam:3,0,Schiedam:3,0,-3.15215
[CLS] The headquarter:3 of Strukton:3 is in [MASK] [MASK] [MASK] . [SEP],St .ton:2,Utrecht,0,Utrecht,0,-1.99772
[CLS] The headquarter:3 of Strukton:3 is in [MASK] [MASK] [MASK] [MASK] [MASK] . [SEP],St -ton:2 .s:2,Utrecht,0,Utrecht,0,-3.28711
[CLS] The headquarter:3 of J . B . Wolters:3 Publishing is in [MASK] [MASK] [MASK] [MASK] [MASK] . [SEP],"the . , , .",Groningen,0,Groningen,0,-2.07830
[CLS] The headquarter:3 of J . B . Wolters:3 Publishing is in [MASK] [MASK] [MASK] [MASK] [MASK] . [SEP],"New , . . )",Groningen,0,Groningen,0,-2.87714
[CLS] The headquarter:3 of Sikkens:3 is in [MASK] [MASK] [MASK] . [SEP],Sikkens:3,Sassenheim:3,0,Sassenheim:3,0,-2.21250
[CLS] The headquarter:3 of Sikkens:3 is in [MASK] [MASK] [MASK] [MASK] [MASK] . [SEP],Si - - ofe:2,Sassenheim:3,0,Sassenheim:3,0,-3.33806
[CLS] The headquarter:3 of Algemene:3 Kunstzijde:2 Unie is in [MASK] . [SEP],Amsterdam,Arnhem,0,Arnhem,0,-1.72682
[CLS] The headquarter:3 of Algemene:3 Kunstzijde:2 Unie is in [MASK] . [SEP],Haarlem,Arnhem,0,Arnhem,0,-2.24740
[CLS] The headquarter:3 of Exor:2 is in [MASK] [MASK] . [SEP],Exor:2,Turin,0,Turin,0,-1.22695
[CLS] The headquarter:3 of Exor:2 is in [MASK] [MASK] [MASK] [MASK] [MASK] . [SEP],Ex . of Exa:2,Turin,0,Turin,0,-3.06862
[CLS] The headquarter:3 of Eneco:2 is in [MASK] [MASK] . [SEP],Eleco:2,Rotterdam,0,Rotterdam,0,-2.14959
[CLS] The headquarter:3 of Eneco:2 is in [MASK] . [SEP],Bilbao,Rotterdam,0,Rotterdam,0,-2.56103
[CLS] The headquarter:3 of uShip:3 is in [MASK] [MASK] [MASK] [MASK] [MASK] . [SEP],"the . , , .",Austin,0,Austin,0,-2.45899
[CLS] The headquarter:3 of uShip:3 is in [MASK] [MASK] [MASK] [MASK] [MASK] . [SEP],"U , City . Singapore",Austin,0,Austin,0,-3.40354
[CLS] The headquarter:3 of NRC:2 Handelsblad:2 is in [MASK] . [SEP],Haarlem,Amsterdam,0,Amsterdam,0,-2.06888
[CLS] The headquarter:3 of NRC:2 Handelsblad:2 is in [MASK] . [SEP],Rotterdam,Amsterdam,0,Amsterdam,0,-2.11656
[CLS] The headquarter:3 of Wagenborg:2 is in [MASK] [MASK] . [SEP],Wagenborg:2,Delfzijl:4,0,Delfzijl:4,0,-0.65092
[CLS] The headquarter:3 of Wagenborg:2 is in [MASK] [MASK] . [SEP],theburg:2,Delfzijl:4,0,Delfzijl:4,0,-2.84033
[CLS] The headquarter:3 of NLR:2 Air Transport Safety Institute is in [MASK] [MASK] [MASK] [MASK] [MASK] . [SEP],"the . , , .",Amsterdam,0,Amsterdam,0,-2.21167
[CLS] The headquarter:3 of NLR:2 Air Transport Safety Institute is in [MASK] [MASK] [MASK] [MASK] [MASK] . [SEP],"New , of . California",Amsterdam,0,Amsterdam,0,-3.57700
[CLS] The headquarter:3 of De Volksbank:3 is in [MASK] . [SEP],Amsterdam,Croeselaan:4 1,0,Croeselaan:4 1,0,-1.96166
[CLS] The headquarter:3 of De Volksbank:3 is in [MASK] . [SEP],Haarlem,Croeselaan:4 1,0,Croeselaan:4 1,0,-2.47906
[CLS] The headquarter:3 of Zilveren:2 Kruis:2 is in [MASK] [MASK] [MASK] [MASK] [MASK] . [SEP],"the , , , Netherlands",Leiden,0,Leiden,0,-2.48234
[CLS] The headquarter:3 of Zilveren:2 Kruis:2 is in [MASK] . [SEP],Amsterdam,Leiden,0,Leiden,0,-2.65040
[CLS] The headquarter:3 of Airbus Defence and Space Netherlands is in [MASK] . [SEP],Eindhoven,Leiden,0,Leiden,0,-1.14180
[CLS] The headquarter:3 of Airbus Defence and Space Netherlands is in [MASK] . [SEP],Rotterdam,Leiden,0,Leiden,0,-2.20276
[CLS] The headquarter:3 of Just Eat Takeaway:2 is in [MASK] [MASK] [MASK] [MASK] [MASK] . [SEP],"the , , , California",Amsterdam,0,Amsterdam,0,-2.22880
[CLS] The headquarter:3 of Just Eat Takeaway:2 is in [MASK] [MASK] [MASK] [MASK] [MASK] . [SEP],New . City . York,Amsterdam,0,Amsterdam,0,-3.58097
[CLS] The headquarter:3 of Vredestein:3 Banden:2 B . V . is in [MASK] [MASK] [MASK] . [SEP],Vredestein:3,Enschede:3,0,Enschede:3,0,-0.50148
[CLS] The headquarter:3 of Vredestein:3 Banden:2 B . V . is in [MASK] [MASK] [MASK] [MASK] . [SEP],"the . ,en:2",Enschede:3,0,Enschede:3,0,-3.67145
[CLS] The headquarter:3 of Mokum:2 Records is in [MASK] [MASK] [MASK] [MASK] [MASK] . [SEP],"Mo , , , .",Amsterdam,0,Amsterdam,0,-1.90941
[CLS] The headquarter:3 of Mokum:2 Records is in [MASK] [MASK] [MASK] [MASK] [MASK] . [SEP],the . ( . York,Amsterdam,0,Amsterdam,0,-2.94002
[CLS] The headquarter:3 of HES:2 International B . V . is in [MASK] [MASK] [MASK] [MASK] [MASK] . [SEP],"H . , . Italy",Rotterdam,0,Rotterdam,0,-2.00078
[CLS] The headquarter:3 of HES:2 International B . V . is in [MASK] [MASK] [MASK] [MASK] [MASK] . [SEP],"Ho , ( , )",Rotterdam,0,Rotterdam,0,-2.36170
[CLS] The headquarter:3 of ID & T is in [MASK] [MASK] [MASK] [MASK] [MASK] . [SEP],"the . , , .",Amsterdam,0,Amsterdam,0,-2.27434
[CLS] The headquarter:3 of ID & T is in [MASK] [MASK] [MASK] [MASK] [MASK] . [SEP],"New , ( . )",Amsterdam,0,Amsterdam,0,-3.40674
[CLS] The headquarter:3 of Packard Bell is in [MASK] [MASK] [MASK] [MASK] [MASK] . [SEP],"New , , , .",Wijchen:3,0,Wijchen:3,0,-1.68692
[CLS] The headquarter:3 of Packard Bell is in [MASK] [MASK] [MASK] [MASK] [MASK] . [SEP],the . . . York,Wijchen:3,0,Wijchen:3,0,-2.63779
[CLS] The headquarter:3 of Brouwerij:3 De Molen:2 is in [MASK] [MASK] [MASK] [MASK] [MASK] . [SEP],"the - , ,en:2",Bodegraven:3,0,Bodegraven:3,0,-2.23605
[CLS] The headquarter:3 of Brouwerij:3 De Molen:2 is in [MASK] . [SEP],Rotterdam,Bodegraven:3,0,Bodegraven:3,0,-2.58761
[CLS] The headquarter:3 of Bank Mendes Gans:2 is in [MASK] . [SEP],Bissau,Amsterdam,0,Amsterdam,0,-2.17664
[CLS] The headquarter:3 of Bank Mendes Gans:2 is in [MASK] . [SEP],Luanda,Amsterdam,0,Amsterdam,0,-3.02919
[CLS] The headquarter:3 of Van Bommel:2 shoes:2 is in [MASK] [MASK] [MASK] [MASK] [MASK] . [SEP],"the , , , Netherlands",Oisterwijk:3,0,Oisterwijk:3,0,-2.19947
[CLS] The headquarter:3 of Van Bommel:2 shoes:2 is in [MASK] . [SEP],Amsterdam,Oisterwijk:3,0,Oisterwijk:3,0,-3.04624
[CLS] The headquarter:3 of Vitens:2 is in [MASK] [MASK] . [SEP],Vitens:2,Zwolle,0,Zwolle,0,-1.12471
[CLS] The headquarter:3 of Vitens:2 is in [MASK] [MASK] [MASK] [MASK] [MASK] . [SEP],"Vi - , .te:2",Zwolle,0,Zwolle,0,-3.07560
[CLS] The headquarter:3 of PPF:2 Group is in [MASK] [MASK] [MASK] [MASK] [MASK] . [SEP],"the . , , .",Amsterdam,0,Amsterdam,0,-2.59456
[CLS] The headquarter:3 of PPF:2 Group is in [MASK] [MASK] [MASK] [MASK] [MASK] . [SEP],"P , ( . )",Amsterdam,0,Amsterdam,0,-3.46653
[CLS] The headquarter:3 of NXP:3 Semiconductors:4 is in [MASK] [MASK] [MASK] [MASK] [MASK] . [SEP],"New , , , California",Eindhoven,0,Eindhoven,0,-1.92028
[CLS] The headquarter:3 of NXP:3 Semiconductors:4 is in [MASK] [MASK] [MASK] [MASK] [MASK] . [SEP],the . ( . .,Eindhoven,0,Eindhoven,0,-3.17728
[CLS] The headquarter:3 of Nederlandsche:2 Dok en Scheepsbouw:4 Maatschappij:2 is in [MASK] . [SEP],Amsterdam,Amsterdam,1,Amsterdam,1,-2.32599
[CLS] The headquarter:3 of Nederlandsche:2 Dok en Scheepsbouw:4 Maatschappij:2 is in [MASK] . [SEP],Rotterdam,Amsterdam,0,Amsterdam,0,-2.65068
[CLS] The headquarter:3 of The Moscow Times is in [MASK] . [SEP],Moscow,Amsterdam,0,Amsterdam,0,-0.10289
[CLS] The headquarter:3 of The Moscow Times is in [MASK] [MASK] . [SEP],the city,Amsterdam,0,Amsterdam,0,-2.77155
[CLS] The headquarter:3 of Nedap:2 is in [MASK] [MASK] . [SEP],Nedap:2,Groenlo:3,0,Groenlo:3,0,-1.46789
[CLS] The headquarter:3 of Nedap:2 is in [MASK] [MASK] [MASK] [MASK] [MASK] . [SEP],"Ba . , ,p:2",Groenlo:3,0,Groenlo:3,0,-3.56959
[CLS] The headquarter:3 of Getronics:3 is in [MASK] [MASK] [MASK] [MASK] [MASK] . [SEP],"the . , , Italy",Amsterdam,0,Amsterdam,0,-2.18243
[CLS] The headquarter:3 of Getronics:3 is in [MASK] [MASK] [MASK] [MASK] [MASK] . [SEP],"Get , ( . .",Amsterdam,0,Amsterdam,0,-3.22141
[CLS] The headquarter:3 of TopNotch:4 is in [MASK] [MASK] [MASK] [MASK] . [SEP],"TopN:2 ,ch:2",Amsterdam,0,Amsterdam,0,-1.87207
[CLS] The headquarter:3 of TopNotch:4 is in [MASK] [MASK] [MASK] [MASK] . [SEP],"the ,oth:3",Amsterdam,0,Amsterdam,0,-2.93008
[CLS] The headquarter:3 of Auping:2 is in [MASK] [MASK] . [SEP],Auping:2,Deventer:2,0,Deventer:2,0,-0.34883
[CLS] The headquarter:3 of Auping:2 is in [MASK] [MASK] [MASK] [MASK] [MASK] . [SEP],"Auping:2 , ofng:2",Deventer:2,0,Deventer:2,0,-2.95556
[CLS] The headquarter:3 of Kristalunie:3 Maastricht is in [MASK] . [SEP],Maastricht,Maastricht,1,Maastricht,1,-0.06662
[CLS] The headquarter:3 of Kristalunie:3 Maastricht is in [MASK] [MASK] . [SEP],Maastricht Netherlands,Maastricht,0,Maastricht,0,-2.62825
[CLS] The headquarter:3 of Nederlandse Aardolie:3 Maatschappij:2 is in [MASK] . [SEP],Amsterdam,Assen:2,0,Assen:2,0,-1.91372
[CLS] The headquarter:3 of Nederlandse Aardolie:3 Maatschappij:2 is in [MASK] . [SEP],Arnhem,Assen:2,0,Assen:2,0,-2.84407
[CLS] The headquarter:3 of The Enschedé:3 Font Foundry:2 is in [MASK] [MASK] [MASK] . [SEP],Enschedé:3,Hurwenen:4,0,Hurwenen:4,0,-0.85675
[CLS] The headquarter:3 of The Enschedé:3 Font Foundry:2 is in [MASK] [MASK] [MASK] [MASK] . [SEP],"En En ,dé:2",Hurwenen:4,0,Hurwenen:4,0,-2.93987
[CLS] The headquarter:3 of Dura:2 Vermeer:2 is in [MASK] . [SEP],Amsterdam,Rotterdam,0,Rotterdam,0,-1.97923
[CLS] The headquarter:3 of Dura:2 Vermeer:2 is in [MASK] . [SEP],Haarlem,Rotterdam,0,Rotterdam,0,-1.98775
[CLS] The headquarter:3 of GasTerra:3 is in [MASK] [MASK] [MASK] [MASK] [MASK] . [SEP],"the . , , .",Groningen,0,Groningen,0,-2.50030
[CLS] The headquarter:3 of GasTerra:3 is in [MASK] . [SEP],Bilbao,Groningen,0,Groningen,0,-2.97905
[CLS] The headquarter:3 of Hotel Des Indes:2 is in [MASK] [MASK] [MASK] [MASK] [MASK] . [SEP],"the , , , Italy",The Hague,0,The Hague,0,-1.90102
[CLS] The headquarter:3 of Hotel Des Indes:2 is in [MASK] . [SEP],Rome,The Hague,0,The Hague,0,-3.02087
[CLS] The headquarter:3 of Droog:2 is in [MASK] [MASK] . [SEP],Droog:2,Amsterdam,0,Amsterdam,0,-1.69563
[CLS] The headquarter:3 of Droog:2 is in [MASK] [MASK] [MASK] [MASK] [MASK] . [SEP],Dr - of of Netherlands,Amsterdam,0,Amsterdam,0,-3.18397
[CLS] The headquarter:3 of KEMA:3 is in [MASK] [MASK] [MASK] [MASK] [MASK] . [SEP],"K . , , .",Arnhem,0,Arnhem,0,-2.35507
[CLS] The headquarter:3 of KEMA:3 is in [MASK] [MASK] [MASK] [MASK] [MASK] . [SEP],"the , ( .a:2",Arnhem,0,Arnhem,0,-3.40434
[CLS] The headquarter:3 of Covens:2 & Mortier:2 is in [MASK] [MASK] . [SEP],Covens:2,Amsterdam,0,Amsterdam,0,-2.08437
[CLS] The headquarter:3 of Covens:2 & Mortier:2 is in [MASK] [MASK] [MASK] [MASK] [MASK] . [SEP],"the . of ,s:2",Amsterdam,0,Amsterdam,0,-3.11861
[CLS] The headquarter:3 of Friesch:2 Dagblad:2 is in [MASK] [MASK] [MASK] [MASK] [MASK] . [SEP],"the , , , Germany",Leeuwarden:3,0,Leeuwarden:3,0,-2.30449
[CLS] The headquarter:3 of Friesch:2 Dagblad:2 is in [MASK] [MASK] [MASK] [MASK] . [SEP],thech:2 ofen:2,Leeuwarden:3,0,Leeuwarden:3,0,-3.26888
[CLS] The headquarter:3 of TP Vision is in [MASK] [MASK] [MASK] [MASK] [MASK] . [SEP],"the . , , .",Amsterdam,0,Amsterdam,0,-2.46522
[CLS] The headquarter:3 of TP Vision is in [MASK] [MASK] [MASK] . [SEP],"T , City",Amsterdam,0,Amsterdam,0,-3.50208
[CLS] The headquarter:3 of Royal BAM:2 Group is in [MASK] [MASK] [MASK] [MASK] [MASK] . [SEP],"the , , , London",Bunnik:3,0,Bunnik:3,0,-2.29442
[CLS] The headquarter:3 of Royal BAM:2 Group is in [MASK] . [SEP],Portsmouth,Bunnik:3,0,Bunnik:3,0,-2.91989
[CLS] The headquarter:3 of Ligue des Bibliothèques:2 Européennes:3 de Recherche is in [MASK] . [SEP],Paris,The Hague,0,The Hague,0,-1.96873
[CLS] The headquarter:3 of Ligue des Bibliothèques:2 Européennes:3 de Recherche is in [MASK] . [SEP],Strasbourg,The Hague,0,The Hague,0,-2.14114
[CLS] The headquarter:3 of SBM:2 Offshore:3 is in [MASK] [MASK] [MASK] [MASK] [MASK] . [SEP],theM:2 Offshore:3,Schiedam:3,0,Schiedam:3,0,-1.62226
[CLS] The headquarter:3 of SBM:2 Offshore:3 is in [MASK] [MASK] [MASK] [MASK] [MASK] . [SEP],"SB . , , .",Schiedam:3,0,Schiedam:3,0,-3.11026
[CLS] The headquarter:3 of Damen Schelde:3 Naval Shipbuilding:2 is in [MASK] [MASK] [MASK] [MASK] . [SEP],Damen Schelde:3,Vlissingen:3,0,Vlissingen:3,0,-1.19618
[CLS] The headquarter:3 of Damen Schelde:3 Naval Shipbuilding:2 is in [MASK] [MASK] [MASK] [MASK] [MASK] . [SEP],K -burg:2 in Germany,Vlissingen:3,0,Vlissingen:3,0,-2.91752
[CLS] The headquarter:3 of Fugro:2 is in [MASK] [MASK] . [SEP],Fugro:2,Leidschendam:4 - Voorburg:2,0,Leidschendam:4 - Voorburg:2,0,-1.16129
[CLS] The headquarter:3 of Fugro:2 is in [MASK] . [SEP],Milan,Leidschendam:4 - Voorburg:2,0,Leidschendam:4 - Voorburg:2,0,-2.87435
[CLS] The headquarter:3 of Leidsch:3 Dagblad:2 is in [MASK] [MASK] [MASK] [MASK] [MASK] . [SEP],"Lei , , , Germany",Leiden,0,Leiden,0,-2.17388
[CLS] The headquarter:3 of Leidsch:3 Dagblad:2 is in [MASK] . [SEP],Düsseldorf,Leiden,0,Leiden,0,-3.03235
[CLS] The headquarter:3 of Smit:2 International is in [MASK] [MASK] [MASK] [MASK] [MASK] . [SEP],"the , , , .",Rotterdam,0,Rotterdam,0,-2.09928
[CLS] The headquarter:3 of Smit:2 International is in [MASK] [MASK] [MASK] [MASK] [MASK] . [SEP],Sm . City . ),Rotterdam,0,Rotterdam,0,-3.30385
[CLS] The headquarter:3 of Meulenhoff:3 is in [MASK] [MASK] [MASK] [MASK] [MASK] . [SEP],"the . ( , Germany",Amsterdam,0,Amsterdam,0,-2.59238
[CLS] The headquarter:3 of Meulenhoff:3 is in [MASK] [MASK] [MASK] [MASK] [MASK] . [SEP],"Me - , of )",Amsterdam,0,Amsterdam,0,-3.34819
[CLS] The headquarter:3 of CheapTickets:5 is in [MASK] [MASK] [MASK] [MASK] [MASK] . [SEP],"Cheap:2 , , .",Oosterhout:3,0,Oosterhout:3,0,-1.90937
[CLS] The headquarter:3 of CheapTickets:5 is in [MASK] [MASK] [MASK] [MASK] [MASK] . [SEP],the . ( . York,Oosterhout:3,0,Oosterhout:3,0,-3.34552
[CLS] The headquarter:3 of DeKuyper:4 is in [MASK] [MASK] [MASK] [MASK] . [SEP],DeKuyper:4,Schiedam:3,0,Schiedam:3,0,-1.21285
[CLS] The headquarter:3 of DeKuyper:4 is in [MASK] [MASK] [MASK] [MASK] [MASK] . [SEP],"De , of .e:2",Schiedam:3,0,Schiedam:3,0,-3.26846
[CLS] The headquarter:3 of De Nederlandsche:2 Bank is in [MASK] . [SEP],Amsterdam,Amsterdam,1,Amsterdam,1,-1.30042
[CLS] The headquarter:3 of De Nederlandsche:2 Bank is in [MASK] . [SEP],Rotterdam,Amsterdam,0,Amsterdam,0,-1.96659
[CLS] The headquarter:3 of Eurailscout:4 is in [MASK] [MASK] [MASK] [MASK] . [SEP],Eurailscout:4,Berlin,0,Berlin,0,-1.27162
[CLS] The headquarter:3 of Eurailscout:4 is in [MASK] . [SEP],Glasgow,Berlin,0,Berlin,0,-3.12567
[CLS] The headquarter:3 of VDL:3 Groep:2 is in [MASK] . [SEP],Eindhoven,Eindhoven,1,Eindhoven,1,-2.29024
[CLS] The headquarter:3 of VDL:3 Groep:2 is in [MASK] . [SEP],Amsterdam,Eindhoven,0,Eindhoven,0,-2.64361
[CLS] The headquarter:3 of Hope & Co . is in [MASK] [MASK] [MASK] [MASK] [MASK] . [SEP],"the . , , York",Amsterdam,0,Amsterdam,0,-2.11428
[CLS] The headquarter:3 of Hope & Co . is in [MASK] [MASK] [MASK] [MASK] [MASK] . [SEP],"New , . . .",Amsterdam,0,Amsterdam,0,-2.87826
[CLS] The headquarter:3 of Trouw:3 is in [MASK] [MASK] [MASK] . [SEP],Trouw:3,Trouw:3 building,0,Trouw:3 building,0,-0.77822
[CLS] The headquarter:3 of Trouw:3 is in [MASK] [MASK] [MASK] [MASK] [MASK] . [SEP],"the - , .e:2",Trouw:3 building,0,Trouw:3 building,0,-2.97145
[CLS] The headquarter:3 of Gemeente:2 Vervoerbedrijf:5 is in [MASK] . [SEP],Amsterdam,Amsterdam,1,Amsterdam,1,-2.37249
[CLS] The headquarter:3 of Gemeente:2 Vervoerbedrijf:5 is in [MASK] . [SEP],Utrecht,Amsterdam,0,Amsterdam,0,-2.43141
[CLS] The headquarter:3 of Nettorama:3 is in [MASK] [MASK] [MASK] . [SEP],Nettorama:3,Oosterhout:3,0,Oosterhout:3,0,-1.06301
[CLS] The headquarter:3 of Nettorama:3 is in [MASK] [MASK] [MASK] [MASK] [MASK] . [SEP],"Neta:2 , . District",Oosterhout:3,0,Oosterhout:3,0,-3.79895
[CLS] The headquarter:3 of Nationaal Instituut voor Budgetvoorlichting:4 ( Netherlands ) is in [MASK] [MASK] [MASK] [MASK] . [SEP],the ( of Netherlands,Utrecht,0,Utrecht,0,-1.52411
[CLS] The headquarter:3 of Nationaal Instituut voor Budgetvoorlichting:4 ( Netherlands ) is in [MASK] . [SEP],Rotterdam,Utrecht,0,Utrecht,0,-2.16871
[CLS] The headquarter:3 of Van Berkel:3 is in [MASK] [MASK] [MASK] [MASK] . [SEP],Van Berkel:3,Rotterdam,0,Rotterdam,0,-1.69111
[CLS] The headquarter:3 of Van Berkel:3 is in [MASK] . [SEP],Antwerp,Rotterdam,0,Rotterdam,0,-3.08766
[CLS] The headquarter:3 of N . V . Hollandsche:2 Constructie:3 Werkplaatsen:2 is in [MASK] . [SEP],Utrecht,Leiden,0,Leiden,0,-2.15596
[CLS] The headquarter:3 of N . V . Hollandsche:2 Constructie:3 Werkplaatsen:2 is in [MASK] . [SEP],Haarlem,Leiden,0,Leiden,0,-2.61873
[CLS] The headquarter:3 of Budelse:2 Brouwerij:3 is in [MASK] [MASK] . [SEP],Budelse:2,Budel:2,0,Budel:2,0,-0.36954
[CLS] The headquarter:3 of Budelse:2 Brouwerij:3 is in [MASK] . [SEP],Amsterdam,Budel:2,0,Budel:2,0,-2.86293
[CLS] The headquarter:3 of De Maasbode:3 is in [MASK] [MASK] [MASK] [MASK] . [SEP],De Maasbode:3,Rotterdam,0,Rotterdam,0,-0.93489
[CLS] The headquarter:3 of De Maasbode:3 is in [MASK] . [SEP],Maastricht,Rotterdam,0,Rotterdam,0,-2.50365
[CLS] The headquarter:3 of De Telegraaf:3 is in [MASK] . [SEP],Amsterdam,Amsterdam,1,Amsterdam,1,-2.20718
[CLS] The headquarter:3 of De Telegraaf:3 is in [MASK] . [SEP],Rotterdam,Amsterdam,0,Amsterdam,0,-2.40500
[CLS] The headquarter:3 of NIBC:3 Bank is in [MASK] [MASK] [MASK] [MASK] [MASK] . [SEP],"N . , , Nigeria",The Hague,0,The Hague,0,-1.86167
[CLS] The headquarter:3 of NIBC:3 Bank is in [MASK] [MASK] [MASK] [MASK] [MASK] . [SEP],"the , ( . .",The Hague,0,The Hague,0,-3.20315
[CLS] The headquarter:3 of Leeuwarder:3 Courant:2 is in [MASK] . [SEP],Rotterdam,Leeuwarden:3,0,Leeuwarden:3,0,-1.37917
[CLS] The headquarter:3 of Leeuwarder:3 Courant:2 is in [MASK] . [SEP],Leiden,Leeuwarden:3,0,Leeuwarden:3,0,-2.18946
[CLS] The headquarter:3 of Kurhaus:2 of Scheveningen:4 is in [MASK] [MASK] [MASK] [MASK] . [SEP],Scheveningen:4,The Hague,0,The Hague,0,-0.28781
[CLS] The headquarter:3 of Kurhaus:2 of Scheveningen:4 is in [MASK] [MASK] [MASK] [MASK] [MASK] . [SEP],the -he:2 ofen:2,The Hague,0,The Hague,0,-3.01506
[CLS] The headquarter:3 of Moksel:3 is in [MASK] [MASK] [MASK] . [SEP],Moksel:3,Buchloe:3,0,Buchloe:3,0,-1.97251
[CLS] The headquarter:3 of Moksel:3 is in [MASK] . [SEP],Minsk,Buchloe:3,0,Buchloe:3,0,-3.19476
[CLS] The headquarter:3 of Wavin:3 is in [MASK] [MASK] [MASK] . [SEP],Wavin:3,Zwolle,0,Zwolle,0,-1.23612
[CLS] The headquarter:3 of Wavin:3 is in [MASK] [MASK] [MASK] [MASK] [MASK] . [SEP],"W - of , .",Zwolle,0,Zwolle,0,-3.04033
[CLS] The headquarter:3 of LeasePlan:4 Corporation is in [MASK] [MASK] [MASK] [MASK] [MASK] . [SEP],"the . , , .",Amsterdam,0,Amsterdam,0,-2.12158
[CLS] The headquarter:3 of LeasePlan:4 Corporation is in [MASK] [MASK] [MASK] [MASK] [MASK] . [SEP],"New , City . California",Amsterdam,0,Amsterdam,0,-3.33778
[CLS] The headquarter:3 of Fabriekscomplex:5 Jannink:3 is in [MASK] [MASK] [MASK] . [SEP],Jannink:3,Enschede:3,0,Enschede:3,0,-0.39143
[CLS] The headquarter:3 of Fabriekscomplex:5 Jannink:3 is in [MASK] . [SEP],Rotterdam,Enschede:3,0,Enschede:3,0,-2.67051
[CLS] The headquarter:3 of Noordhoff:2 Uitgevers:3 is in [MASK] . [SEP],Amsterdam,Groningen,0,Groningen,0,-2.06982
[CLS] The headquarter:3 of Noordhoff:2 Uitgevers:3 is in [MASK] . [SEP],Utrecht,Groningen,0,Groningen,0,-2.20828
[CLS] The headquarter:3 of Royal Niestern:2 Sander is in [MASK] [MASK] [MASK] [MASK] [MASK] . [SEP],"the . , , Sander",Farmsum:2,0,Farmsum:2,0,-2.63277
[CLS] The headquarter:3 of Royal Niestern:2 Sander is in [MASK] [MASK] [MASK] [MASK] [MASK] . [SEP],R - of of Germany,Farmsum:2,0,Farmsum:2,0,-3.42234
[CLS] The headquarter:3 of Energiecentrale:3 Den Haag is in [MASK] [MASK] . [SEP],Den Haag,The Hague,0,The Hague,0,-0.17959
[CLS] The headquarter:3 of Energiecentrale:3 Den Haag is in [MASK] . [SEP],Breda,The Hague,0,The Hague,0,-2.64373
[CLS] The headquarter:3 of Displeased:4 Records is in [MASK] [MASK] [MASK] [MASK] [MASK] . [SEP],"the , , , York",Zaandam:3,0,Zaandam:3,0,-2.08098
[CLS] The headquarter:3 of Displeased:4 Records is in [MASK] [MASK] [MASK] [MASK] [MASK] . [SEP],New . ( . California,Zaandam:3,0,Zaandam:3,0,-3.28581
[CLS] The headquarter:3 of Zylom:3 is in [MASK] [MASK] [MASK] . [SEP],Zylom:3,Eindhoven,0,Eindhoven,0,-0.64039
[CLS] The headquarter:3 of Zylom:3 is in [MASK] . [SEP],Moscow,Eindhoven,0,Eindhoven,0,-3.10740
[CLS] The headquarter:3 of Centre for Research on Multinational:2 Corporations:2 is in [MASK] [MASK] [MASK] [MASK] [MASK] . [SEP],"the . , , .",Netherlands,0,Netherlands,0,-2.07602
[CLS] The headquarter:3 of Centre for Research on Multinational:2 Corporations:2 is in [MASK] [MASK] [MASK] [MASK] [MASK] . [SEP],"The , ( . )",Netherlands,0,Netherlands,0,-3.08207
[CLS] The headquarter:3 of Randstad:2 N . V . is in [MASK] [MASK] . [SEP],Randstad:2,Diemen:2,0,Diemen:2,0,-0.19430
[CLS] The headquarter:3 of Randstad:2 N . V . is in [MASK] . [SEP],Fredrikstad,Diemen:2,0,Diemen:2,0,-2.85070
[CLS] The headquarter:3 of ASR:2 Nederland is in [MASK] [MASK] [MASK] [MASK] [MASK] . [SEP],"the , , , Netherlands",ASR:2 headquarters,0,ASR:2 headquarters,0,-2.06802
[CLS] The headquarter:3 of ASR:2 Nederland is in [MASK] . [SEP],Amsterdam,ASR:2 headquarters,0,ASR:2 headquarters,0,-2.42592
[CLS] The headquarter:3 of AVEBE:3 is in [MASK] . [SEP],Belgrade,Veendam:3,0,Veendam:3,0,-2.58374
[CLS] The headquarter:3 of AVEBE:3 is in [MASK] . [SEP],Rome,Veendam:3,0,Veendam:3,0,-3.11645
[CLS] The headquarter:3 of KPN:2 is in [MASK] [MASK] [MASK] [MASK] [MASK] . [SEP],"the . , , .",The Hague,0,The Hague,0,-2.58609
[CLS] The headquarter:3 of KPN:2 is in [MASK] . [SEP],Hanoi,The Hague,0,The Hague,0,-3.32584
[CLS] The headquarter:3 of Guerrilla:3 Games is in [MASK] [MASK] [MASK] [MASK] [MASK] . [SEP],"the , , , California",Amsterdam,0,Amsterdam,0,-1.99858
[CLS] The headquarter:3 of Guerrilla:3 Games is in [MASK] [MASK] [MASK] [MASK] [MASK] . [SEP],G . ( . York,Amsterdam,0,Amsterdam,0,-2.89448
[CLS] The headquarter:3 of Veolia:2 Transport Nederland is in [MASK] . [SEP],Arnhem,Breda,0,Breda,0,-2.23835
[CLS] The headquarter:3 of Veolia:2 Transport Nederland is in [MASK] . [SEP],Amsterdam,Breda,0,Breda,0,-2.26025
[CLS] The headquarter:3 of Gazelle:3 is in [MASK] [MASK] [MASK] . [SEP],Gazelle:3,Rheden:2,0,Rheden:2,0,-1.41450
[CLS] The headquarter:3 of Gazelle:3 is in [MASK] [MASK] [MASK] [MASK] [MASK] . [SEP],"Ga - , .s:2",Rheden:2,0,Rheden:2,0,-3.10628
[CLS] The headquarter:3 of Gunvor:2 is in [MASK] [MASK] . [SEP],Gunvor:2,Geneva,0,Geneva,0,-1.16407
[CLS] The headquarter:3 of Gunvor:2 is in [MASK] [MASK] [MASK] [MASK] [MASK] . [SEP],"Gun . , ,o:2",Geneva,0,Geneva,0,-3.18422
[CLS] The headquarter:3 of Rabobank:3 is in [MASK] [MASK] [MASK] . [SEP],Rabobank:3,Utrecht,0,Utrecht,0,-0.99172
[CLS] The headquarter:3 of Rabobank:3 is in [MASK] [MASK] [MASK] [MASK] [MASK] . [SEP],"the , of . .",Utrecht,0,Utrecht,0,-3.28241
[CLS] The headquarter:3 of Perfetti:3 Van Melle:2 is in [MASK] [MASK] [MASK] [MASK] [MASK] . [SEP],"the . of ,le:2",Schiphol:3 - Rijk,0,Schiphol:3 - Rijk,0,-1.94845
[CLS] The headquarter:3 of Perfetti:3 Van Melle:2 is in [MASK] . [SEP],Rome,Schiphol:3 - Rijk,0,Schiphol:3 - Rijk,0,-3.01260
[CLS] The headquarter:3 of ING:2 Group is in [MASK] [MASK] [MASK] [MASK] [MASK] . [SEP],"the . , , .",Amsterdam,0,Amsterdam,0,-2.56015
[CLS] The headquarter:3 of ING:2 Group is in [MASK] . [SEP],Shanghai,Amsterdam,0,Amsterdam,0,-3.54425
[CLS] The headquarter:3 of Lucas Bols:2 is in [MASK] [MASK] [MASK] [MASK] [MASK] . [SEP],"the . , , York",Amsterdam,0,Amsterdam,0,-2.36120
[CLS] The headquarter:3 of Lucas Bols:2 is in [MASK] [MASK] [MASK] [MASK] [MASK] . [SEP],"San , ( . .",Amsterdam,0,Amsterdam,0,-3.43956
[CLS] The headquarter:3 of STMicroelectronics:7 is in [MASK] [MASK] [MASK] [MASK] [MASK] . [SEP],"the . , , Poland",Geneva,0,Geneva,0,-2.19599
[CLS] The headquarter:3 of STMicroelectronics:7 is in [MASK] [MASK] [MASK] [MASK] [MASK] . [SEP],"T , ( . .",Geneva,0,Geneva,0,-3.34058
[CLS] The headquarter:3 of ICI:2 Paris XL is in [MASK] . [SEP],Paris,Renswoude:4,0,Renswoude:4,0,-0.45828
[CLS] The headquarter:3 of ICI:2 Paris XL is in [MASK] [MASK] [MASK] [MASK] . [SEP],Paris ( France Paris,Renswoude:4,0,Renswoude:4,0,-2.63731
[CLS] The headquarter:3 of Ballast:2 Nedam:2 is in [MASK] [MASK] [MASK] [MASK] . [SEP],Ballast:2 Nedam:2,Nieuwegein:3,0,Nieuwegein:3,0,-0.39943
[CLS] The headquarter:3 of Ballast:2 Nedam:2 is in [MASK] . [SEP],Dublin,Nieuwegein:3,0,Nieuwegein:3,0,-2.34327
[CLS] The headquarter:3 of Louis Dreyfus Group is in [MASK] . [SEP],Paris,Rotterdam,0,Rotterdam,0,-1.84109
[CLS] The headquarter:3 of Louis Dreyfus Group is in [MASK] . [SEP],Marseille,Rotterdam,0,Rotterdam,0,-3.08005
[CLS] The headquarter:3 of Polaroid:2 is in [MASK] [MASK] [MASK] [MASK] [MASK] . [SEP],"the , , , .",Enschede:3,0,Enschede:3,0,-2.13906
[CLS] The headquarter:3 of Polaroid:2 is in [MASK] [MASK] [MASK] [MASK] [MASK] . [SEP],San . City . California,Enschede:3,0,Enschede:3,0,-3.37576
[CLS] The headquarter:3 of Armada is in [MASK] . [SEP],Armada,Amsterdam,0,Amsterdam,0,-1.01297
[CLS] The headquarter:3 of Armada is in [MASK] . [SEP],Madrid,Amsterdam,0,Amsterdam,0,-2.89892
[CLS] The headquarter:3 of Heineken:2 is in [MASK] [MASK] . [SEP],Heineken:2,Amsterdam,0,Amsterdam,0,-0.73402
[CLS] The headquarter:3 of Heineken:2 is in [MASK] . [SEP],Hamburg,Amsterdam,0,Amsterdam,0,-2.80898
[CLS] The headquarter:3 of DSM is in [MASK] [MASK] [MASK] [MASK] . [SEP],"the , , York",Heerlen:2,0,Heerlen:2,0,-2.09503
[CLS] The headquarter:3 of DSM is in [MASK] . [SEP],DSM,Heerlen:2,0,Heerlen:2,0,-2.48152
[CLS] The headquarter:3 of Zeeman:2 is in [MASK] [MASK] . [SEP],Zeeman:2,Alphen:2,0,Alphen:2,0,-2.35064
[CLS] The headquarter:3 of Zeeman:2 is in [MASK] . [SEP],Rotterdam,Alphen:2,0,Alphen:2,0,-3.07122
[CLS] The headquarter:3 of Spar:2 is in [MASK] [MASK] . [SEP],Spar:2,Amsterdam,0,Amsterdam,0,-1.02004
[CLS] The headquarter:3 of Spar:2 is in [MASK] [MASK] [MASK] [MASK] [MASK] . [SEP],"Spar:2 , , .",Amsterdam,0,Amsterdam,0,-2.94936
[CLS] The headquarter:3 of Zentiva:2 is in [MASK] [MASK] . [SEP],Zentiva:2,Amsterdam,0,Amsterdam,0,-1.36352
[CLS] The headquarter:3 of Zentiva:2 is in [MASK] [MASK] [MASK] [MASK] [MASK] . [SEP],"Zen - , of city",Amsterdam,0,Amsterdam,0,-3.08697
[CLS] The headquarter:3 of Shell is in [MASK] . [SEP],Shell,Shell Centre,0,Shell Centre,0,-0.10181
[CLS] The headquarter:3 of Shell is in [MASK] [MASK] . [SEP],the City,Shell Centre,0,Shell Centre,0,-3.30956
[CLS] The headquarter:3 of Royal Boskalis:3 Westminster is in [MASK] . [SEP],Westminster,Papendrecht:3,0,Papendrecht:3,0,-1.57488
[CLS] The headquarter:3 of Royal Boskalis:3 Westminster is in [MASK] . [SEP],London,Papendrecht:3,0,Papendrecht:3,0,-2.12915
[CLS] The headquarter:3 of Abellio:2 is in [MASK] . [SEP],Rome,Utrecht,0,Utrecht,0,-1.67031
[CLS] The headquarter:3 of Abellio:2 is in [MASK] . [SEP],Roma,Utrecht,0,Utrecht,0,-3.20194
[CLS] The headquarter:3 of Human Genome Organisation is in [MASK] [MASK] [MASK] [MASK] [MASK] . [SEP],"the , , , .",Amsterdam,0,Amsterdam,0,-2.08540
[CLS] The headquarter:3 of Human Genome Organisation is in [MASK] [MASK] [MASK] [MASK] [MASK] . [SEP],Ho . ( . ),Amsterdam,0,Amsterdam,0,-3.07599
[CLS] The headquarter:3 of DocMorris:4 is in [MASK] [MASK] [MASK] [MASK] [MASK] . [SEP],"the . , , California",Heerlen:2,0,Heerlen:2,0,-2.14253
[CLS] The headquarter:3 of DocMorris:4 is in [MASK] [MASK] [MASK] [MASK] [MASK] . [SEP],"San , City . .",Heerlen:2,0,Heerlen:2,0,-3.24214
[CLS] The headquarter:3 of Triodos:2 Bank is in [MASK] . [SEP],Athens,Zeist:2,0,Zeist:2,0,-1.86128
[CLS] The headquarter:3 of Triodos:2 Bank is in [MASK] . [SEP],Thessaloniki,Zeist:2,0,Zeist:2,0,-2.51427
[CLS] The headquarter:3 of Brill is in [MASK] . [SEP],Brill,Leiden,0,Leiden,0,-0.07888
[CLS] The headquarter:3 of Brill is in [MASK] [MASK] . [SEP],Brill Brill,Leiden,0,Leiden,0,-2.64479
[CLS] The headquarter:3 of Gasunie:3 is in [MASK] [MASK] [MASK] . [SEP],Gasunie:3,Groningen,0,Groningen,0,-1.78083
[CLS] The headquarter:3 of Gasunie:3 is in [MASK] [MASK] [MASK] [MASK] [MASK] . [SEP],Gas . - of town,Groningen,0,Groningen,0,-3.11761
[CLS] The headquarter:3 of Transavia:2 is in [MASK] . [SEP],Bucharest,Amsterdam Airport Schiphol:3,0,Amsterdam Airport Schiphol:3,0,-2.31636
[CLS] The headquarter:3 of Transavia:2 is in [MASK] . [SEP],Rome,Amsterdam Airport Schiphol:3,0,Amsterdam Airport Schiphol:3,0,-2.92167
[CLS] The headquarter:3 of NN Investment Partners is in [MASK] [MASK] [MASK] [MASK] [MASK] . [SEP],"the . , , .",The Hague,0,The Hague,0,-2.10767
[CLS] The headquarter:3 of NN Investment Partners is in [MASK] [MASK] [MASK] [MASK] [MASK] . [SEP],"New , S . California",The Hague,0,The Hague,0,-3.15561
[CLS] The headquarter:3 of HTM:2 Personenvervoer:3 is in [MASK] [MASK] [MASK] [MASK] [MASK] . [SEP],H - - - ),The Hague,0,The Hague,0,-3.04671
[CLS] The headquarter:3 of HTM:2 Personenvervoer:3 is in [MASK] [MASK] [MASK] [MASK] [MASK] . [SEP],"the , ( ,e:2",The Hague,0,The Hague,0,-3.45083
[CLS] The headquarter:3 of NedCar:3 is in [MASK] [MASK] [MASK] [MASK] [MASK] . [SEP],"the . , , .",Born,0,Born,0,-2.26316
[CLS] The headquarter:3 of NedCar:3 is in [MASK] [MASK] [MASK] . [SEP],New .a:2,Born,0,Born,0,-3.49521
[CLS] The headquarter:3 of Algemeen:3 Dagblad:2 is in [MASK] . [SEP],Haarlem,Rotterdam,0,Rotterdam,0,-2.27668
[CLS] The headquarter:3 of Algemeen:3 Dagblad:2 is in [MASK] . [SEP],Amsterdam,Rotterdam,0,Rotterdam,0,-2.47835
[CLS] The headquarter:3 of Qiagen:2 is in [MASK] [MASK] . [SEP],Qian:2,Venlo:3,0,Venlo:3,0,-1.52845
[CLS] The headquarter:3 of Qiagen:2 is in [MASK] . [SEP],Beijing,Venlo:3,0,Venlo:3,0,-2.12892
[CLS] The headquarter:3 of Keolis:2 Nederland is in [MASK] . [SEP],Rotterdam,Deventer:2,0,Deventer:2,0,-2.01234
[CLS] The headquarter:3 of Keolis:2 Nederland is in [MASK] . [SEP],Amsterdam,Deventer:2,0,Deventer:2,0,-2.37945
[CLS] The headquarter:3 of Heijmans:3 is in [MASK] . [SEP],Rotterdam,Rosmalen:2,0,Rosmalen:2,0,-2.27562
[CLS] The headquarter:3 of Heijmans:3 is in [MASK] . [SEP],Amsterdam,Rosmalen:2,0,Rosmalen:2,0,-2.40535
[CLS] The headquarter:3 of De Koningshoeven:4 Brewery:2 is in [MASK] [MASK] [MASK] [MASK] [MASK] . [SEP],De Koningshoeven:4,Berkel:3 - Enschot:3,0,Berkel:3 - Enschot:3,0,-0.74485
[CLS] The headquarter:3 of De Koningshoeven:4 Brewery:2 is in [MASK] . [SEP],Eindhoven,Berkel:3 - Enschot:3,0,Berkel:3 - Enschot:3,0,-3.18213
[CLS] The headquarter:3 of LexisNexis:5 is in [MASK] [MASK] [MASK] [MASK] . [SEP],"the , , York",Dayton,0,Dayton,0,-2.01121
[CLS] The headquarter:3 of LexisNexis:5 is in [MASK] [MASK] [MASK] [MASK] [MASK] . [SEP],New . ( . California,Dayton,0,Dayton,0,-3.66131
[CLS] The headquarter:3 of Atradius:3 is in [MASK] . [SEP],Rome,Amsterdam,0,Amsterdam,0,-2.22017
[CLS] The headquarter:3 of Atradius:3 is in [MASK] [MASK] [MASK] [MASK] [MASK] . [SEP],"S , of ofa:2",Amsterdam,0,Amsterdam,0,-3.41431
[CLS] The headquarter:3 of Blokker:2 Holding is in [MASK] . [SEP],Rotterdam,Amsterdam,0,Amsterdam,0,-2.21671
[CLS] The headquarter:3 of Blokker:2 Holding is in [MASK] . [SEP],Amsterdam,Amsterdam,1,Amsterdam,1,-2.42899
[CLS] The headquarter:3 of DVS:3 Records is in [MASK] [MASK] [MASK] [MASK] [MASK] . [SEP],"D , , , .",Netherlands,0,Netherlands,0,-2.07311
[CLS] The headquarter:3 of DVS:3 Records is in [MASK] [MASK] [MASK] [MASK] [MASK] . [SEP],the . ( . ),Netherlands,0,Netherlands,0,-2.83132
[CLS] The headquarter:3 of C & A is in [MASK] [MASK] [MASK] [MASK] [MASK] . [SEP],"the . , , .",Vilvoorde:4,0,Vilvoorde:4,0,-2.25589
[CLS] The headquarter:3 of C & A is in [MASK] [MASK] [MASK] [MASK] [MASK] . [SEP],"C , S . California",Vilvoorde:4,0,Vilvoorde:4,0,-3.07749
[CLS] The headquarter:3 of HERE:3 Technologies is in [MASK] [MASK] [MASK] [MASK] [MASK] . [SEP],"H , , , .",Eindhoven,0,Eindhoven,0,-2.08760
[CLS] The headquarter:3 of HERE:3 Technologies is in [MASK] [MASK] [MASK] [MASK] [MASK] . [SEP],Ho . ( . California,Eindhoven,0,Eindhoven,0,-3.01388
[CLS] The headquarter:3 of International Statistical Institute is in [MASK] . [SEP],Rome,Leidschenveen:4,0,Leidschenveen:4,0,-1.04114
[CLS] The headquarter:3 of International Statistical Institute is in [MASK] . [SEP],Belgrade,Leidschenveen:4,0,Leidschenveen:4,0,-2.87893
[CLS] The headquarter:3 of KLM:2 is in [MASK] [MASK] . [SEP],K Hague,Amstelveen:3,0,Amstelveen:3,0,-1.74382
[CLS] The headquarter:3 of KLM:2 is in [MASK] . [SEP],Amsterdam,Amstelveen:3,0,Amstelveen:3,0,-2.65524
[CLS] The headquarter:3 of RWE:2 is in [MASK] . [SEP],Dortmund,Essen,0,Essen,0,-2.01724
[CLS] The headquarter:3 of RWE:2 is in [MASK] . [SEP],Duisburg,Essen,0,Essen,0,-2.25430
[CLS] The headquarter:3 of ASML:2 Holding is in [MASK] [MASK] [MASK] [MASK] [MASK] . [SEP],"the . , , .",Veldhoven:3,0,Veldhoven:3,0,-2.23845
[CLS] The headquarter:3 of ASML:2 Holding is in [MASK] [MASK] [MASK] [MASK] [MASK] . [SEP],"S , of . Nigeria",Veldhoven:3,0,Veldhoven:3,0,-3.60126
[CLS] The headquarter:3 of Nobina:2 is in [MASK] [MASK] . [SEP],Nobina:2,Stockholm,0,Stockholm,0,-0.51305
[CLS] The headquarter:3 of Nobina:2 is in [MASK] [MASK] [MASK] [MASK] [MASK] . [SEP],"thebina:2 , No district",Stockholm,0,Stockholm,0,-2.71660
[CLS] The headquarter:3 of Jumbo:2 shipping is in [MASK] [MASK] . [SEP],Jumbo:2,Rotterdam,0,Rotterdam,0,-1.77967
[CLS] The headquarter:3 of Jumbo:2 shipping is in [MASK] . [SEP],Luanda,Rotterdam,0,Rotterdam,0,-3.08192
[CLS] The headquarter:3 of Arcadis:3 is in [MASK] [MASK] [MASK] . [SEP],Arcadis:3,Amsterdam,0,Amsterdam,0,-1.93103
[CLS] The headquarter:3 of Arcadis:3 is in [MASK] . [SEP],Rome,Amsterdam,0,Amsterdam,0,-2.89977
[CLS] The headquarter:3 of Het Financieele:4 Dagblad:2 is in [MASK] . [SEP],Rotterdam,Amsterdam,0,Amsterdam,0,-2.22769
[CLS] The headquarter:3 of Het Financieele:4 Dagblad:2 is in [MASK] . [SEP],Amsterdam,Amsterdam,1,Amsterdam,1,-2.36029
[CLS] The headquarter:3 of Atelier Van Lieshout:2 is in [MASK] . [SEP],Brussels,Rotterdam,0,Rotterdam,0,-1.85165
[CLS] The headquarter:3 of Atelier Van Lieshout:2 is in [MASK] . [SEP],Antwerp,Rotterdam,0,Rotterdam,0,-2.26500
[CLS] The headquarter:3 of Bodewes:3 Shipyards:3 is in [MASK] [MASK] [MASK] . [SEP],Bodewes:3,Hoogezand:4,0,Hoogezand:4,0,-0.41229
[CLS] The headquarter:3 of Bodewes:3 Shipyards:3 is in [MASK] [MASK] [MASK] [MASK] [MASK] . [SEP],"S , , in Hampshire",Hoogezand:4,0,Hoogezand:4,0,-3.24940
[CLS] The headquarter:3 of LyondellBasell:4 is in [MASK] [MASK] [MASK] [MASK] . [SEP],"Lyondell:2 ,ll:2",Houston,0,Houston,0,-1.35735
[CLS] The headquarter:3 of LyondellBasell:4 is in [MASK] [MASK] . [SEP],thedale:2,Houston,0,Houston,0,-2.86274
[CLS] The headquarter:3 of Royal FloraHolland:4 is in [MASK] [MASK] [MASK] [MASK] [MASK] . [SEP],"the . , ,nd:2",Aalsmeer:3,0,Aalsmeer:3,0,-2.15034
[CLS] The headquarter:3 of Royal FloraHolland:4 is in [MASK] . [SEP],Edinburgh,Aalsmeer:3,0,Aalsmeer:3,0,-3.53398
[CLS] The headquarter:3 of Vekoma:3 is in [MASK] [MASK] [MASK] . [SEP],Vekoma:3,Vlodrop:3,0,Vlodrop:3,0,-0.93347
[CLS] The headquarter:3 of Vekoma:3 is in [MASK] . [SEP],town,Vlodrop:3,0,Vlodrop:3,0,-3.04390
[CLS] The headquarter:3 of Koninklijke Philips NV:2 is in [MASK] . [SEP],Eindhoven,Amsterdam,0,Amsterdam,0,-1.12981
[CLS] The headquarter:3 of Koninklijke Philips NV:2 is in [MASK] [MASK] [MASK] [MASK] . [SEP],Ho - of Belgium,Amsterdam,0,Amsterdam,0,-3.05751
[CLS] The headquarter:3 of FrieslandCampina:4 is in [MASK] . [SEP],Friesland,Amersfoort:4,0,Amersfoort:4,0,-1.89503
[CLS] The headquarter:3 of FrieslandCampina:4 is in [MASK] [MASK] [MASK] [MASK] . [SEP],"the ( ,a:2",Amersfoort:4,0,Amersfoort:4,0,-2.96910
[CLS] The headquarter:3 of Accell:3 is in [MASK] [MASK] [MASK] . [SEP],Accell:3,Heerenveen:3,0,Heerenveen:3,0,-1.25160
[CLS] The headquarter:3 of Accell:3 is in [MASK] [MASK] [MASK] [MASK] [MASK] . [SEP],"A - , . .",Heerenveen:3,0,Heerenveen:3,0,-3.11498
[CLS] The headquarter:3 of Euronics:2 is in [MASK] [MASK] [MASK] [MASK] [MASK] . [SEP],"the . , , Italy",Schiphol:3 - Rijk,0,Schiphol:3 - Rijk,0,-2.25380
[CLS] The headquarter:3 of Euronics:2 is in [MASK] [MASK] [MASK] [MASK] [MASK] . [SEP],"S , ( . .",Schiphol:3 - Rijk,0,Schiphol:3 - Rijk,0,-3.30163
[CLS] The headquarter:3 of Amsterdamsche:2 Droogdok:3 Maatschappij:2 is in [MASK] . [SEP],Amsterdam,Amsterdam,1,Amsterdam,1,-0.02815
[CLS] The headquarter:3 of Amsterdamsche:2 Droogdok:3 Maatschappij:2 is in [MASK] [MASK] [MASK] [MASK] . [SEP],"the ( , Netherlands",Amsterdam,0,Amsterdam,0,-2.73436
[CLS] The headquarter:3 of Vion:2 Food Group is in [MASK] [MASK] [MASK] [MASK] . [SEP],"Vion:2 , .",Boxtel:2,0,Boxtel:2,0,-2.10501
[CLS] The headquarter:3 of Vion:2 Food Group is in [MASK] [MASK] [MASK] [MASK] [MASK] . [SEP],"the , City . Nigeria",Boxtel:2,0,Boxtel:2,0,-3.44859
[CLS] The headquarter:3 of TUI:2 fly Netherlands is in [MASK] [MASK] [MASK] [MASK] [MASK] . [SEP],"the , , , Netherlands",Schiphol:3 - Rijk,0,Schiphol:3 - Rijk,0,-1.75729
[CLS] The headquarter:3 of TUI:2 fly Netherlands is in [MASK] . [SEP],Eindhoven,Schiphol:3 - Rijk,0,Schiphol:3 - Rijk,0,-2.11849
[CLS] The headquarter:3 of GfK:3 is in [MASK] . [SEP],Düsseldorf,Nuremberg,0,Nuremberg,0,-2.79138
[CLS] The headquarter:3 of GfK:3 is in [MASK] . [SEP],Kassel,Nuremberg,0,Nuremberg,0,-3.02211
[CLS] The headquarter:3 of Stayokay:3 is in [MASK] [MASK] [MASK] . [SEP],theokay:3,Amsterdam,0,Amsterdam,0,-2.00770
[CLS] The headquarter:3 of Stayokay:3 is in [MASK] [MASK] [MASK] [MASK] [MASK] . [SEP],"S - , , .",Amsterdam,0,Amsterdam,0,-3.56170
[CLS] The headquarter:3 of Sparta B . V . is in [MASK] . [SEP],Athens,Apeldoorn:4,0,Apeldoorn:4,0,-1.13809
[CLS] The headquarter:3 of Sparta B . V . is in [MASK] . [SEP],Sparta,Apeldoorn:4,0,Apeldoorn:4,0,-1.55573
[CLS] The headquarter:3 of Timeless:2 Records is in [MASK] [MASK] [MASK] [MASK] [MASK] . [SEP],"the , , , .",Wageningen:2,0,Wageningen:2,0,-1.97660
[CLS] The headquarter:3 of Timeless:2 Records is in [MASK] [MASK] [MASK] [MASK] [MASK] . [SEP],New . ( . York,Wageningen:2,0,Wageningen:2,0,-2.93106
[CLS] The headquarter:3 of Jopen:2 is in [MASK] [MASK] . [SEP],Jopen:2,Haarlem,0,Haarlem,0,-0.68857
[CLS] The headquarter:3 of Jopen:2 is in [MASK] [MASK] [MASK] [MASK] [MASK] . [SEP],Jo - - -en:2,Haarlem,0,Haarlem,0,-2.82202
[CLS] The headquarter:3 of Martinair:2 is in [MASK] [MASK] [MASK] [MASK] [MASK] . [SEP],"the . , , Italy",Schiphol:3 - Rijk,0,Schiphol:3 - Rijk,0,-2.14408
[CLS] The headquarter:3 of Martinair:2 is in [MASK] . [SEP],Bucharest,Schiphol:3 - Rijk,0,Schiphol:3 - Rijk,0,-3.06733
[CLS] The headquarter:3 of Triumph Studios is in [MASK] [MASK] [MASK] [MASK] [MASK] . [SEP],"the , , , .",Delft,0,Delft,0,-1.89726
[CLS] The headquarter:3 of Triumph Studios is in [MASK] . [SEP],Southampton,Delft,0,Delft,0,-3.12471
[CLS] The headquarter:3 of Chipshol:3 is in [MASK] [MASK] [MASK] . [SEP],Chipshol:3,Schiphol:3 - Rijk,0,Schiphol:3 - Rijk,0,-1.89403
[CLS] The headquarter:3 of Chipshol:3 is in [MASK] [MASK] . [SEP],this village,Schiphol:3 - Rijk,0,Schiphol:3 - Rijk,0,-3.33543
[CLS] The headquarter:3 of Van Oord:2 is in [MASK] [MASK] [MASK] . [SEP],Van Oord:2,Rotterdam,0,Rotterdam,0,-2.23648
[CLS] The headquarter:3 of Van Oord:2 is in [MASK] . [SEP],Zwolle,Rotterdam,0,Rotterdam,0,-3.14499
[CLS] The headquarter:3 of Tamoil:3 is in [MASK] [MASK] [MASK] . [SEP],Tamoil:3,The Hague,0,The Hague,0,-0.87099
[CLS] The headquarter:3 of Tamoil:3 is in [MASK] [MASK] . [SEP],thea:2,The Hague,0,The Hague,0,-3.17433
[CLS] The headquarter:3 of Irdeto:3 is in [MASK] [MASK] [MASK] . [SEP],Irdeto:3,Hoofddorp:4,0,Hoofddorp:4,0,-1.16751
[CLS] The headquarter:3 of Irdeto:3 is in [MASK] [MASK] [MASK] [MASK] [MASK] . [SEP],Ir - of ofa:2,Hoofddorp:4,0,Hoofddorp:4,0,-3.05520
[CLS] The headquarter:3 of BearingPoint:4 is in [MASK] [MASK] [MASK] [MASK] [MASK] . [SEP],"the . , , .",Amsterdam,0,Amsterdam,0,-2.34439
[CLS] The headquarter:3 of BearingPoint:4 is in [MASK] [MASK] [MASK] [MASK] . [SEP],"the ,Pton:3",Amsterdam,0,Amsterdam,0,-3.62173
[CLS] The headquarter:3 of Rotterdamse:2 Elektrische:3 Tram:2 is in [MASK] . [SEP],Rotterdam,Rotterdam,1,Rotterdam,1,-0.01785
[CLS] The headquarter:3 of Rotterdamse:2 Elektrische:3 Tram:2 is in [MASK] [MASK] [MASK] [MASK] . [SEP],"the - , Netherlands",Rotterdam,0,Rotterdam,0,-2.51891
[CLS] The headquarter:3 of MVRDV:3 is in [MASK] [MASK] [MASK] [MASK] [MASK] . [SEP],"the . , , .",Rotterdam,0,Rotterdam,0,-2.72528
[CLS] The headquarter:3 of MVRDV:3 is in [MASK] . [SEP],Belgrade,Rotterdam,0,Rotterdam,0,-3.25771
[CLS] The headquarter:3 of Wolters:3 Kluwer:3 is in [MASK] [MASK] . [SEP],the town,Alphen:2 aan den Rijn:2,0,Alphen:2 aan den Rijn:2,0,-2.26776
[CLS] The headquarter:3 of Wolters:3 Kluwer:3 is in [MASK] [MASK] [MASK] [MASK] [MASK] . [SEP],the .s:2 ofe:2,Alphen:2 aan den Rijn:2,0,Alphen:2 aan den Rijn:2,0,-3.22612
[CLS] The headquarter:3 of De Volkskrant:3 is in [MASK] [MASK] [MASK] [MASK] [MASK] . [SEP],"the , , , )",Amsterdam,0,Amsterdam,0,-2.66630
[CLS] The headquarter:3 of De Volkskrant:3 is in [MASK] . [SEP],Haarlem,Amsterdam,0,Amsterdam,0,-2.80742
[CLS] The headquarter:3 of ABN:2 AMRO:2 is in [MASK] [MASK] [MASK] [MASK] [MASK] . [SEP],"the , , , Nigeria",Amsterdam,0,Amsterdam,0,-2.36943
[CLS] The headquarter:3 of ABN:2 AMRO:2 is in [MASK] . [SEP],Belgrade,Amsterdam,0,Amsterdam,0,-3.10428
[CLS] The headquarter:3 of Aegon:3 N . V . is in [MASK] [MASK] [MASK] [MASK] [MASK] . [SEP],"A . , . V",The Hague,0,The Hague,0,-2.47371
[CLS] The headquarter:3 of Aegon:3 N . V . is in [MASK] [MASK] [MASK] [MASK] [MASK] . [SEP],"theego:2 of ,a:2",The Hague,0,The Hague,0,-3.00053
[CLS] The headquarter:3 of General Logistics:3 Systems is in [MASK] [MASK] [MASK] [MASK] [MASK] . [SEP],"the . , , .",Oude Meer,0,Oude Meer,0,-2.11441
[CLS] The headquarter:3 of General Logistics:3 Systems is in [MASK] [MASK] [MASK] [MASK] [MASK] . [SEP],"S , S . Italy",Oude Meer,0,Oude Meer,0,-3.30759
[CLS] The headquarter:3 of Connexxion:4 is in [MASK] [MASK] [MASK] [MASK] [MASK] . [SEP],"the . , , City",Hilversum:3,0,Hilversum:3,0,-2.42608
[CLS] The headquarter:3 of Connexxion:4 is in [MASK] [MASK] [MASK] [MASK] . [SEP],Con .xe:3,Hilversum:3,0,Hilversum:3,0,-3.06964
[CLS] The headquarter:3 of hema:2 is in [MASK] [MASK] [MASK] [MASK] [MASK] . [SEP],"the , , ,a:2",Amsterdam,0,Amsterdam,0,-2.31158
[CLS] The headquarter:3 of hema:2 is in [MASK] [MASK] [MASK] [MASK] [MASK] . [SEP],G . of .o:2,Amsterdam,0,Amsterdam,0,-3.41787
[CLS] The headquarter:3 of Ariston:2 Thermo:2 is in [MASK] [MASK] [MASK] [MASK] . [SEP],Ariston:2 Thermo:2,Fabriano:3,0,Fabriano:3,0,-0.35903
[CLS] The headquarter:3 of Ariston:2 Thermo:2 is in [MASK] . [SEP],Thessaloniki,Fabriano:3,0,Fabriano:3,0,-2.23220
[CLS] The headquarter:3 of Grolsch:3 Brewery:2 is in [MASK] [MASK] [MASK] . [SEP],Grolsch:3,Enschede:3,0,Enschede:3,0,-0.67030
[CLS] The headquarter:3 of Grolsch:3 Brewery:2 is in [MASK] [MASK] [MASK] [MASK] [MASK] . [SEP],the .sch:2 of .,Enschede:3,0,Enschede:3,0,-3.35027
[CLS] The headquarter:3 of Vattenfall:3 Nederland is in [MASK] [MASK] [MASK] [MASK] [MASK] . [SEP],"the , , , Netherlands",Amsterdam,0,Amsterdam,0,-2.22229
[CLS] The headquarter:3 of Vattenfall:3 Nederland is in [MASK] . [SEP],Nijmegen,Amsterdam,0,Amsterdam,0,-2.78819
[CLS] The headquarter:3 of TomTom:3 is in [MASK] [MASK] [MASK] [MASK] [MASK] . [SEP],"the . , , .",Amsterdam,0,Amsterdam,0,-2.17468
[CLS] The headquarter:3 of TomTom:3 is in [MASK] [MASK] [MASK] . [SEP],the .m:2,Amsterdam,0,Amsterdam,0,-3.43606
[CLS] The headquarter:3 of Elsevier BV is in [MASK] . [SEP],Amsterdam,Millennium Tower,0,Millennium Tower,0,-1.14096
[CLS] The headquarter:3 of Elsevier BV is in [MASK] . [SEP],Elsevier,Millennium Tower,0,Millennium Tower,0,-1.24340
[CLS] The headquarter:3 of Sdu:2 is in [MASK] [MASK] . [SEP],Sdu:2,The Hague,0,The Hague,0,-0.48873
[CLS] The headquarter:3 of Sdu:2 is in [MASK] [MASK] [MASK] [MASK] [MASK] . [SEP],"the . , , District",The Hague,0,The Hague,0,-2.78380
[CLS] The headquarter:3 of Landal:2 Greenparks:3 is in [MASK] [MASK] . [SEP],Landal:2,The Hague,0,The Hague,0,-1.39691
[CLS] The headquarter:3 of Landal:2 Greenparks:3 is in [MASK] [MASK] [MASK] . [SEP],"the ,s:2",The Hague,0,The Hague,0,-3.34182
[CLS] The headquarter:3 of Corbion:3 N . V . is in [MASK] [MASK] [MASK] . [SEP],Corbion:3,Diemen:2,0,Diemen:2,0,-0.87601
[CLS] The headquarter:3 of Corbion:3 N . V . is in [MASK] [MASK] [MASK] [MASK] [MASK] . [SEP],the .n:2 . city,Diemen:2,0,Diemen:2,0,-2.83517
