sentence,prediction,gold_inflection,is_same,gold_original,is_same,log_prob
[CLS] Federal Reserve Bank of New York is located in [MASK] [MASK] [MASK] [MASK] [MASK] . [SEP],"the Bronx , New York",United States of America,0,United States of America,0,-0.78229
[CLS] Long Island Rail Road is located in [MASK] [MASK] [MASK] . [SEP],Long Island Long,United States of America,0,United States of America,0,-0.40200
[CLS] Association for Computing Machinery:2 is located in [MASK] [MASK] [MASK] [MASK] [MASK] . [SEP],"the city , , ,",United States of America,0,United States of America,0,-1.20523
[CLS] Iridium:3 Communications is located in [MASK] [MASK] [MASK] [MASK] [MASK] . [SEP],"the , , , ,",United States of America,0,United States of America,0,-1.31469
[CLS] Metropolitan Museum of Art is located in [MASK] [MASK] [MASK] . [SEP],"U , S",United States of America,0,United States of America,0,-1.33759
[CLS] Funimation:2 is located in [MASK] [MASK] [MASK] [MASK] . [SEP],", , , ,",United States of America,0,United States of America,0,-1.25675
[CLS] American Broadcasting Company is located in [MASK] [MASK] [MASK] [MASK] [MASK] . [SEP],", , , , ,",United States of America,0,United States of America,0,-1.09697
[CLS] Cisco Systems is located in [MASK] [MASK] [MASK] [MASK] [MASK] . [SEP],"the city , , ,",United States of America,0,United States of America,0,-1.30030
[CLS] 3M:2 is located in [MASK] [MASK] [MASK] [MASK] [MASK] . [SEP],"the city , . ,",United States of America,0,United States of America,0,-1.82984
[CLS] Alcoa:2 is located in [MASK] [MASK] . [SEP],Alcoa:2,United States of America,0,United States of America,0,-1.00460
[CLS] Boomerang:2 is located in [MASK] [MASK] . [SEP],Boomerang:2,United States of America,0,United States of America,0,-1.41626
[CLS] Cummins:2 is located in [MASK] [MASK] . [SEP],Cummins:2,United States of America,0,United States of America,0,-0.26733
[CLS] Fox Sports is located in [MASK] [MASK] [MASK] [MASK] [MASK] . [SEP],", , , , ,",United States of America,0,United States of America,0,-1.20725
[CLS] Marvel Comics is located in [MASK] [MASK] . [SEP],the city,United States of America,0,United States of America,0,-1.12235
[CLS] Unum:2 is located in [MASK] [MASK] . [SEP],Unum:2,United States of America,0,United States of America,0,-0.59688
[CLS] Institute of Electrical and Electronics Engineers is located in [MASK] [MASK] . [SEP],the city,United States of America,0,United States of America,0,-1.86298
[CLS] Vimeo:2 is located in [MASK] [MASK] . [SEP],Vimeo:2,United States of America,0,United States of America,0,-1.10227
[CLS] Cray:2 is located in [MASK] [MASK] . [SEP],Cray:2,United States of America,0,United States of America,0,-1.53430
[CLS] Rockstar:2 Games is located in [MASK] [MASK] [MASK] . [SEP],"Rocks , Rocks",United States of America,0,United States of America,0,-0.86602
[CLS] Rotten Tomatoes is located in [MASK] [MASK] [MASK] . [SEP],the Rotten Tomatoes,United States of America,0,United States of America,0,-1.45495
[CLS] Baldwin Piano Company is located in [MASK] [MASK] [MASK] [MASK] [MASK] . [SEP],", , , , ,",United States of America,0,United States of America,0,-1.18149
[CLS] Metro - North Railroad is located in [MASK] [MASK] [MASK] [MASK] . [SEP],", , , ,",United States of America,0,United States of America,0,-1.53613
[CLS] Pixar:2 is located in [MASK] [MASK] [MASK] [MASK] . [SEP],"the city , ,",United States of America,0,United States of America,0,-1.62721
[CLS] Tripwire:3 Interactive is located in [MASK] [MASK] [MASK] [MASK] [MASK] . [SEP],"the , , , ,",United States of America,0,United States of America,0,-1.34070
[CLS] HRG:2 Group is located in [MASK] [MASK] [MASK] . [SEP],U . S,United States of America,0,United States of America,0,-0.44703
[CLS] Zappos:3 is located in [MASK] [MASK] [MASK] . [SEP],Zappos:3,United States of America,0,United States of America,0,-1.01758
[CLS] Skyline:2 Chili is located in [MASK] [MASK] [MASK] . [SEP],Chili . Chili,United States of America,0,United States of America,0,-0.84923
[CLS] Kroger:3 is located in [MASK] [MASK] [MASK] [MASK] [MASK] . [SEP],the . of of the,United States of America,0,United States of America,0,-2.11704
[CLS] Steinway:2 & Sons is located in [MASK] [MASK] [MASK] . [SEP],"Dallas , Texas",Germany,0,Germany,0,-1.03342
[CLS] Mercury Records is located in [MASK] [MASK] [MASK] . [SEP],"N , S",United States of America,0,United States of America,0,-0.97104
[CLS] Pratt & Whitney is located in [MASK] [MASK] [MASK] [MASK] [MASK] . [SEP],", , , , ,",United States of America,0,United States of America,0,-1.13701
[CLS] Kumon:2 is located in [MASK] [MASK] . [SEP],Kumon:2,United States of America,0,United States of America,0,-1.37226
[CLS] ZAP:2 is located in [MASK] [MASK] [MASK] [MASK] . [SEP],"the , , ,",United States of America,0,United States of America,0,-1.76613
[CLS] The MIT Press is located in [MASK] [MASK] [MASK] [MASK] . [SEP],"the , , U",United States of America,0,United States of America,0,-1.41213
[CLS] SurveyMonkey:4 is located in [MASK] [MASK] [MASK] [MASK] [MASK] . [SEP],"the , , , ,",United States of America,0,United States of America,0,-1.51063
[CLS] AK Steel Holding is located in [MASK] [MASK] [MASK] . [SEP],Japan . Japan,United States of America,0,United States of America,0,-1.32084
[CLS] Pepperdine:2 University is located in [MASK] [MASK] . [SEP],Pepperdine:2,United States of America,0,United States of America,0,-0.44284
[CLS] Levi Strauss & Co . is located in [MASK] [MASK] [MASK] [MASK] . [SEP],"Levi Strauss , Levi",United States of America,0,United States of America,0,-0.69148
[CLS] 2K:2 Sports is located in [MASK] [MASK] [MASK] [MASK] [MASK] . [SEP],"the , , , ,",United States of America,0,United States of America,0,-1.62714
[CLS] Boston Consulting:3 Group is located in [MASK] . [SEP],Boston,United States of America,0,United States of America,0,-0.03300
[CLS] Coverity:2 is located in [MASK] [MASK] [MASK] [MASK] [MASK] . [SEP],"the , , , ,",United States of America,0,United States of America,0,-1.64400
[CLS] Zattoo:3 is located in [MASK] [MASK] [MASK] . [SEP],Zattoo:3,United States of America,0,United States of America,0,-1.53741
[CLS] OneWest:3 Bank is located in [MASK] [MASK] [MASK] [MASK] . [SEP],", Bank , Inc",United States of America,0,United States of America,0,-1.12437
[CLS] JetBlue:3 Airways is located in [MASK] [MASK] [MASK] [MASK] [MASK] . [SEP],"the city , Chicago ,",United States of America,0,United States of America,0,-1.51804
[CLS] National Geographic Society is located in [MASK] [MASK] [MASK] [MASK] [MASK] . [SEP],"the city , , ,",United States of America,0,United States of America,0,-1.22873
[CLS] Massachusetts Bay Transportation Authority is located in [MASK] [MASK] [MASK] [MASK] [MASK] . [SEP],"the city , , ,",United States of America,0,United States of America,0,-1.23560
[CLS] Gartner:3 is located in [MASK] [MASK] [MASK] [MASK] [MASK] . [SEP],"the , , , ,",United States of America,0,United States of America,0,-1.89997
[CLS] Smithsonian Institution is located in [MASK] [MASK] [MASK] . [SEP],"Washington , D",United States of America,0,United States of America,0,-0.72865
[CLS] Duke University is located in [MASK] [MASK] [MASK] . [SEP],"Durham , Duke",United States of America,0,United States of America,0,-0.81495
[CLS] 2K:2 Games is located in [MASK] [MASK] [MASK] [MASK] . [SEP],"the city , Tokyo",United States of America,0,United States of America,0,-2.00546
[CLS] Take - Two Interactive is located in [MASK] [MASK] [MASK] [MASK] [MASK] . [SEP],"the city , , ,",United States of America,0,United States of America,0,-1.04282
[CLS] New York Mercantile:3 Exchange is located in [MASK] [MASK] [MASK] [MASK] . [SEP],New York New York,United States of America,0,United States of America,0,-0.35986
[CLS] Yammer:2 is located in [MASK] [MASK] . [SEP],Yammer:2,United States of America,0,United States of America,0,-0.50528
[CLS] CD - adapco:3 is located in [MASK] [MASK] [MASK] [MASK] [MASK] . [SEP],"the , , , ,",United States of America,0,United States of America,0,-1.59682
[CLS] San Francisco Chronicle is located in [MASK] [MASK] [MASK] [MASK] . [SEP],"San Francisco , San",United States of America,0,United States of America,0,-0.88303
[CLS] Electronic Arts is located in [MASK] [MASK] [MASK] . [SEP],"U , S",United States of America,0,United States of America,0,-0.93644
[CLS] RWE:2 is located in [MASK] [MASK] [MASK] [MASK] . [SEP],"the city , ,",Germany,0,Germany,0,-1.74022
[CLS] Xbox Game Studios is located in [MASK] [MASK] [MASK] . [SEP],"Xbox , Xbox",United States of America,0,United States of America,0,-1.17648
[CLS] Airgas:2 is located in [MASK] [MASK] . [SEP],Airgas:2,United States of America,0,United States of America,0,-1.26297
[CLS] A & E Networks is located in [MASK] [MASK] [MASK] [MASK] [MASK] . [SEP],"the , , , ,",United States of America,0,United States of America,0,-1.32063
[CLS] HarperCollins is located in [MASK] [MASK] [MASK] [MASK] . [SEP],"the city , ,",United States of America,0,United States of America,0,-1.48216
[CLS] Andrews University is located in [MASK] [MASK] [MASK] [MASK] [MASK] . [SEP],"the city , , ,",United States of America,0,United States of America,0,-1.37901
[CLS] West Virginia University is located in [MASK] [MASK] . [SEP],West Virginia,United States of America,0,United States of America,0,-1.17473
[CLS] Albemarle:3 Corporation is located in [MASK] [MASK] [MASK] . [SEP],Albemarle:3,United States of America,0,United States of America,0,-0.33640
[CLS] Advanced Micro Devices:2 is located in [MASK] [MASK] [MASK] [MASK] . [SEP],", , , ,",United States of America,0,United States of America,0,-1.26071
[CLS] Turn 10 Studios is located in [MASK] [MASK] [MASK] . [SEP],Turn 10 Studios,United States of America,0,United States of America,0,-0.70249
[CLS] MIT Sloan School of Management is located in [MASK] [MASK] [MASK] [MASK] [MASK] . [SEP],", , , , ,",United States of America,0,United States of America,0,-1.09252
[CLS] Élan:2 Motorsport Technologies is located in [MASK] [MASK] . [SEP],Élan:2,United States of America,0,United States of America,0,-0.98848
[CLS] United Airlines is located in [MASK] [MASK] [MASK] [MASK] [MASK] . [SEP],", , , , ,",United States of America,0,United States of America,0,-1.30799
[CLS] Universal Pictures is located in [MASK] [MASK] . [SEP],the city,United States of America,0,United States of America,0,-1.54350
[CLS] New Line Cinema is located in [MASK] [MASK] [MASK] . [SEP],"New , NY",United States of America,0,United States of America,0,-0.95233
[CLS] Linden Lab is located in [MASK] [MASK] . [SEP],Linden Lab,United States of America,0,United States of America,0,-1.29742
[CLS] Nintendo Software Technology is located in [MASK] [MASK] [MASK] . [SEP],"Nintendo , Nintendo",United States of America,0,United States of America,0,-1.41855
[CLS] Warner Bros . is located in [MASK] [MASK] [MASK] [MASK] [MASK] . [SEP],", , , , ,",United States of America,0,United States of America,0,-1.06909
[CLS] Pure Earth is located in [MASK] [MASK] . [SEP],Pure Earth,United States of America,0,United States of America,0,-0.97722
[CLS] Adscape:3 is located in [MASK] [MASK] [MASK] . [SEP],Adscape:3,United States of America,0,United States of America,0,-1.44654
[CLS] ExxonMobil:4 is located in [MASK] [MASK] [MASK] [MASK] [MASK] . [SEP],"the , , , ,",United States of America,0,United States of America,0,-1.42860
[CLS] Century Media Records is located in [MASK] [MASK] [MASK] . [SEP],"NY , NY",United States of America,0,United States of America,0,-1.49272
"[CLS] Oakley:2 , Inc . is located in [MASK] [MASK] . [SEP]",Oakley:2,United States of America,0,United States of America,0,-0.97411
[CLS] Mokulele:3 Airlines is located in [MASK] [MASK] [MASK] . [SEP],Mokulele:3,United States of America,0,United States of America,0,-1.11839
[CLS] The Washington Post is located in [MASK] [MASK] . [SEP],the city,United States of America,0,United States of America,0,-1.25302
[CLS] General Motors is located in [MASK] [MASK] [MASK] [MASK] [MASK] . [SEP],", , , , ,",United States of America,0,United States of America,0,-1.19208
[CLS] U . S . Steel is located in [MASK] [MASK] . [SEP],the town,United States of America,0,United States of America,0,-1.54388
[CLS] Schwinn:3 Bicycle:2 Company is located in [MASK] [MASK] [MASK] . [SEP],Schwinn:3,United States of America,0,United States of America,0,-1.04176
[CLS] Concept2:2 is located in [MASK] [MASK] [MASK] [MASK] . [SEP],"the , , ,",United States of America,0,United States of America,0,-1.54432
[CLS] Tiger Electronics is located in [MASK] [MASK] [MASK] [MASK] . [SEP],"the city , ,",United States of America,0,United States of America,0,-1.62391
[CLS] Apache Maven:2 is located in [MASK] [MASK] [MASK] . [SEP],Apache Maven:2,United States of America,0,United States of America,0,-0.56309
[CLS] Paramount Pictures is located in [MASK] [MASK] [MASK] [MASK] [MASK] . [SEP],", , , , ,",United States of America,0,United States of America,0,-1.14651
[CLS] Kaplan International Languages is located in [MASK] [MASK] [MASK] [MASK] [MASK] . [SEP],"the , , , ,",United States of America,0,United States of America,0,-1.43999
[CLS] Brookville:2 Equipment:3 Corporation is located in [MASK] [MASK] . [SEP],Brookville:2,United States of America,0,United States of America,0,-0.01959
[CLS] Rocket Lab is located in [MASK] [MASK] [MASK] . [SEP],U . S,United States of America,0,United States of America,0,-0.46299
[CLS] Anheuser:3 - Busch is located in [MASK] [MASK] [MASK] [MASK] [MASK] . [SEP],"the , , , ,",United States of America,0,United States of America,0,-1.39696
[CLS] ATO:2 Records is located in [MASK] [MASK] [MASK] . [SEP],U . S,United States of America,0,United States of America,0,-0.55553
[CLS] Schecter:3 Guitar Research is located in [MASK] [MASK] [MASK] [MASK] [MASK] . [SEP],"the , , , ,",United States of America,0,United States of America,0,-1.64997
[CLS] Xerox:3 is located in [MASK] [MASK] [MASK] [MASK] [MASK] . [SEP],"the . , . ,",United States of America,0,United States of America,0,-1.56841
"[CLS] The North Face , Inc . is located in [MASK] [MASK] . [SEP]",North Face,United States of America,0,United States of America,0,-0.84910
[CLS] United Parcel:2 Service is located in [MASK] [MASK] [MASK] [MASK] [MASK] . [SEP],"the , , , ,",United States of America,0,United States of America,0,-1.29434
[CLS] Fox Broadcasting Company is located in [MASK] [MASK] [MASK] [MASK] [MASK] . [SEP],", , , , ,",United States of America,0,United States of America,0,-0.98240
[CLS] Mozilla Corporation is located in [MASK] [MASK] [MASK] . [SEP],"U , S",United States of America,0,United States of America,0,-1.08295
[CLS] TV National Geographic Channel Animal in Germany is located in [MASK] [MASK] [MASK] [MASK] . [SEP],the state of Germany,United States of America,0,United States of America,0,-1.69821
[CLS] The Sunday Times is located in [MASK] [MASK] . [SEP],the town,United Kingdom,0,United Kingdom,0,-1.57521
[CLS] BP is located in [MASK] [MASK] [MASK] [MASK] [MASK] . [SEP],: . . . .,United Kingdom,0,United Kingdom,0,-1.47075
[CLS] Ginetta:3 Cars is located in [MASK] [MASK] [MASK] [MASK] . [SEP],"G . , G",United Kingdom,0,United Kingdom,0,-1.55072
[CLS] University of London is located in [MASK] [MASK] [MASK] [MASK] . [SEP],"London College , London",United Kingdom,0,United Kingdom,0,-1.33790
[CLS] McLaren Technology Group is located in [MASK] . [SEP],McLaren,United Kingdom,0,United Kingdom,0,-0.25870
[CLS] Bank of England is located in [MASK] [MASK] [MASK] [MASK] . [SEP],"the city , London",United Kingdom,0,United Kingdom,0,-1.23254
[CLS] Financial Times is located in [MASK] [MASK] [MASK] [MASK] . [SEP],"the city , Chicago",United Kingdom,0,United Kingdom,0,-1.47094
[CLS] Hamish:2 Hamilton is located in [MASK] [MASK] [MASK] . [SEP],Hamish:2 Hamilton,United Kingdom,0,United Kingdom,0,-0.15570
[CLS] Virgin Records is located in [MASK] [MASK] [MASK] . [SEP],"N , S",United Kingdom,0,United Kingdom,0,-1.00968
[CLS] Barclays:2 is located in [MASK] [MASK] . [SEP],Barclays:2,United Kingdom,0,United Kingdom,0,-1.27998
[CLS] Inview:2 Technology is located in [MASK] [MASK] [MASK] . [SEP],U . S,United Kingdom,0,United Kingdom,0,-0.49583
[CLS] Next plc is located in [MASK] [MASK] [MASK] [MASK] . [SEP],"the UK , ,",United Kingdom,0,United Kingdom,0,-1.61347
[CLS] BBC Television is located in [MASK] [MASK] [MASK] [MASK] . [SEP],"Manchester city , Manchester",United Kingdom,0,United Kingdom,0,-1.09014
[CLS] University of Lancaster is located in [MASK] [MASK] [MASK] . [SEP],"Lancaster , Lancaster",United Kingdom,0,United Kingdom,0,-0.87498
[CLS] 7digital:3 is located in [MASK] [MASK] [MASK] [MASK] . [SEP],"the city , ,",United Kingdom,0,United Kingdom,0,-1.78574
[CLS] A & P Group is located in [MASK] [MASK] [MASK] [MASK] [MASK] . [SEP],"the , , , ,",United Kingdom,0,United Kingdom,0,-1.46765
[CLS] Aquascutum:3 is located in [MASK] [MASK] [MASK] . [SEP],Aquascutum:3,United Kingdom,0,United Kingdom,0,-1.74267
[CLS] Royal Society is located in [MASK] . [SEP],London,United Kingdom,0,United Kingdom,0,-1.40624
[CLS] Pure is located in [MASK] [MASK] [MASK] [MASK] [MASK] . [SEP],". . , . ,",United Kingdom,0,United Kingdom,0,-1.52928
[CLS] The Sun is located in [MASK] [MASK] . [SEP],the Sun,United Kingdom,0,United Kingdom,0,-0.97603
[CLS] Mini is located in [MASK] [MASK] [MASK] [MASK] . [SEP],"the city , .",United Kingdom,0,United Kingdom,0,-2.02040
[CLS] Oxford University Press is located in [MASK] [MASK] [MASK] [MASK] [MASK] . [SEP],"the , , . ,",United Kingdom,0,United Kingdom,0,-1.27528
[CLS] London Studio is located in [MASK] . [SEP],London,United Kingdom,0,United Kingdom,0,-0.40060
[CLS] Reuters is located in [MASK] [MASK] . [SEP],the city,United Kingdom,0,United Kingdom,0,-1.91405
[CLS] University of Edinburgh is located in [MASK] [MASK] [MASK] . [SEP],"Edinburgh , Edinburgh",United Kingdom,0,United Kingdom,0,-0.90075
[CLS] Daily Mail is located in [MASK] [MASK] [MASK] [MASK] . [SEP],"the City , ,",United Kingdom,0,United Kingdom,0,-1.71875
[CLS] University of Glasgow is located in [MASK] [MASK] [MASK] . [SEP],"Glasgow , Glasgow",United Kingdom,0,United Kingdom,0,-1.22607
[CLS] University of Birmingham is located in [MASK] [MASK] [MASK] [MASK] . [SEP],Birmingham Birmingham Birmingham Birmingham,United Kingdom,0,United Kingdom,0,-0.77666
[CLS] 3i is located in [MASK] [MASK] [MASK] [MASK] [MASK] . [SEP],"the . , . ,",United Kingdom,0,United Kingdom,0,-1.64729
[CLS] Lee Cooper is located in [MASK] [MASK] . [SEP],Lee Cooper,United Kingdom,0,United Kingdom,0,-0.91970
[CLS] Rolls - Royce is located in [MASK] [MASK] [MASK] [MASK] [MASK] . [SEP],"the , , , ,",United Kingdom,0,United Kingdom,0,-1.54746
[CLS] Vodafone:2 is located in [MASK] [MASK] [MASK] [MASK] [MASK] . [SEP],"the , , , ,",United Kingdom,0,United Kingdom,0,-1.67058
[CLS] Waterstones:2 is located in [MASK] [MASK] . [SEP],Waterstones:2,United Kingdom,0,United Kingdom,0,-0.49121
[CLS] Sainsbury:3 ' s is located in [MASK] [MASK] [MASK] . [SEP],Sainsbury:3,United Kingdom,0,United Kingdom,0,-0.73610
[CLS] Diageo:2 is located in [MASK] [MASK] [MASK] [MASK] . [SEP],"the District , .",United Kingdom,0,United Kingdom,0,-2.06249
[CLS] English Racing Automobiles:2 is located in [MASK] [MASK] [MASK] [MASK] [MASK] . [SEP],"the , , , ,",United Kingdom,0,United Kingdom,0,-1.58064
[CLS] Rolls - Royce Motor Cars is located in [MASK] [MASK] [MASK] [MASK] [MASK] . [SEP],"the , , , ,",United Kingdom,0,United Kingdom,0,-1.64077
[CLS] Gibson Technology is located in [MASK] [MASK] [MASK] [MASK] [MASK] . [SEP],"the city , , ,",United Kingdom,0,United Kingdom,0,-1.44745
[CLS] Centrica:2 is located in [MASK] [MASK] [MASK] [MASK] . [SEP],"the city , ,",United Kingdom,0,United Kingdom,0,-1.93118
[CLS] Shell is located in [MASK] [MASK] [MASK] [MASK] [MASK] . [SEP],", . , . ,",United Kingdom,0,United Kingdom,0,-1.57211
[CLS] ARM Holdings is located in [MASK] [MASK] [MASK] [MASK] [MASK] . [SEP],"the . , . ,",United Kingdom,0,United Kingdom,0,-1.61358
[CLS] Air Atlantique is located in [MASK] [MASK] . [SEP],Air Atlantique,United Kingdom,0,United Kingdom,0,-1.91090
[CLS] McLaren is located in [MASK] . [SEP],McLaren,United Kingdom,0,United Kingdom,0,-0.47381
[CLS] GlaxoSmithKline:8 is located in [MASK] [MASK] [MASK] [MASK] [MASK] . [SEP],"the , , , ,",United Kingdom,0,United Kingdom,0,-1.12974
[CLS] The Daily Telegraph is located in [MASK] [MASK] [MASK] [MASK] . [SEP],"the city , ,",United Kingdom,0,United Kingdom,0,-1.53094
[CLS] Unilever:2 is located in [MASK] [MASK] [MASK] [MASK] [MASK] . [SEP],"the , , , ,",United Kingdom,0,United Kingdom,0,-1.57346
[CLS] Daily Mirror is located in [MASK] [MASK] [MASK] [MASK] [MASK] . [SEP],the . of . the,United Kingdom,0,United Kingdom,0,-1.77877
[CLS] Eon:2 Productions is located in [MASK] [MASK] [MASK] . [SEP],U . S,United Kingdom,0,United Kingdom,0,-0.49843
[CLS] Open Knowledge Foundation is located in [MASK] [MASK] [MASK] . [SEP],"U , S",United Kingdom,0,United Kingdom,0,-0.75253
[CLS] Filofax:4 is located in [MASK] [MASK] [MASK] [MASK] . [SEP],"the , , ,",United Kingdom,0,United Kingdom,0,-1.82694
[CLS] Old Bushmills:3 Distillery:4 is located in [MASK] [MASK] [MASK] [MASK] . [SEP],"Old Bush ,s:2",United Kingdom,0,United Kingdom,0,-1.20257
[CLS] c2c:3 is located in [MASK] [MASK] [MASK] [MASK] [MASK] . [SEP],"the , , , ,",United Kingdom,0,United Kingdom,0,-1.66950
[CLS] Gilbert Rugby is located in [MASK] [MASK] . [SEP],Gilbert Rugby,United Kingdom,0,United Kingdom,0,-1.19804
[CLS] NME is located in [MASK] [MASK] [MASK] [MASK] [MASK] . [SEP],"the , of . of",United Kingdom,0,United Kingdom,0,-1.98754
[CLS] Judd is located in [MASK] . [SEP],Judd,United Kingdom,0,United Kingdom,0,-1.70858
[CLS] HSBC:2 is located in [MASK] [MASK] [MASK] [MASK] [MASK] . [SEP],", , , , ,",United Kingdom,0,United Kingdom,0,-1.13790
[CLS] The Co - operative Group is located in [MASK] [MASK] [MASK] [MASK] [MASK] . [SEP],"the , , , ,",United Kingdom,0,United Kingdom,0,-1.67189
[CLS] Beggars:3 Banquet:2 Records is located in [MASK] [MASK] [MASK] [MASK] . [SEP],"the , , .",United Kingdom,0,United Kingdom,0,-2.15854
[CLS] Fitness:3 First is located in [MASK] [MASK] [MASK] [MASK] [MASK] . [SEP],"the , , , ,",United Kingdom,0,United Kingdom,0,-1.27484
[CLS] ZTT:3 Records is located in [MASK] [MASK] [MASK] [MASK] [MASK] . [SEP],"the , , , ,",United Kingdom,0,United Kingdom,0,-1.74506
[CLS] Briggs Automotive:2 Company is located in [MASK] . [SEP],Briggs,United Kingdom,0,United Kingdom,0,-1.10941
[CLS] Titan Airways is located in [MASK] [MASK] [MASK] [MASK] [MASK] . [SEP],"the city , , ,",United Kingdom,0,United Kingdom,0,-1.32719
[CLS] Cosworth:2 is located in [MASK] [MASK] . [SEP],Cosworth:2,United Kingdom,0,United Kingdom,0,-0.50860
[CLS] Mercedes AMG:2 High Performance Powertrains:3 is located in [MASK] [MASK] [MASK] [MASK] [MASK] . [SEP],"the city , , ,",United Kingdom,0,United Kingdom,0,-1.24705
[CLS] RWE:2 is located in [MASK] [MASK] [MASK] [MASK] . [SEP],"the city , ,",Germany,0,Germany,0,-1.74022
[CLS] 4AD:2 is located in [MASK] [MASK] [MASK] [MASK] [MASK] . [SEP],"the city , . ,",United Kingdom,0,United Kingdom,0,-1.85636
[CLS] Amec:2 Foster Wheeler is located in [MASK] [MASK] [MASK] [MASK] [MASK] . [SEP],"the city , , ,",United Kingdom,0,United Kingdom,0,-1.49164
[CLS] University of Manchester is located in [MASK] . [SEP],Manchester,United Kingdom,0,United Kingdom,0,-0.87387
[CLS] Playground:2 Games is located in [MASK] [MASK] [MASK] . [SEP],"U , S",United Kingdom,0,United Kingdom,0,-1.11022
[CLS] Polydor Records is located in [MASK] [MASK] . [SEP],New York,United Kingdom,0,United Kingdom,0,-1.10480
[CLS] Formula One Group is located in [MASK] [MASK] . [SEP],Formula One,United Kingdom,0,United Kingdom,0,-1.14032
[CLS] Nature Research is located in [MASK] [MASK] [MASK] [MASK] [MASK] . [SEP],"the . , . ,",United Kingdom,0,United Kingdom,0,-1.49615
[CLS] easyJet:3 is located in [MASK] [MASK] [MASK] . [SEP],easyJet:3,United Kingdom,0,United Kingdom,0,-0.76080
[CLS] SAGE:2 Publishing is located in [MASK] [MASK] [MASK] [MASK] [MASK] . [SEP],", , , , ,",United States of America,0,United States of America,0,-1.16198
[CLS] Alamy:2 is located in [MASK] [MASK] . [SEP],Alamy:2,United Kingdom,0,United Kingdom,0,-0.84758
[CLS] Pennon:2 Group is located in [MASK] [MASK] [MASK] [MASK] [MASK] . [SEP],"the , , , ,",United Kingdom,0,United Kingdom,0,-1.43679
[CLS] Rockstar:2 North is located in [MASK] [MASK] [MASK] . [SEP],Rockstar:2 North,United Kingdom,0,United Kingdom,0,-0.25282
[CLS] SDL:2 PLC:2 is located in [MASK] [MASK] [MASK] [MASK] [MASK] . [SEP],"the , , , ,",United Kingdom,0,United Kingdom,0,-1.46270
[CLS] The Royal Bank of Scotland is located in [MASK] [MASK] [MASK] [MASK] . [SEP],the Bank of Scotland,United Kingdom,0,United Kingdom,0,-0.84001
[CLS] Williams Grand Prix Engineering is located in [MASK] [MASK] [MASK] . [SEP],Williams . Williams,United Kingdom,0,United Kingdom,0,-0.90849
[CLS] Ariel Motor Company is located in [MASK] . [SEP],Ariel,United Kingdom,0,United Kingdom,0,-1.31175
[CLS] 1E:2 is located in [MASK] [MASK] [MASK] [MASK] [MASK] . [SEP],"the city , . ,",United Kingdom,0,United Kingdom,0,-1.77789
[CLS] Computacenter:4 is located in [MASK] [MASK] [MASK] [MASK] [MASK] . [SEP],"the , , , ,",United Kingdom,0,United Kingdom,0,-1.54012
[CLS] Techniques:2 d ' Avant Garde is located in [MASK] [MASK] [MASK] [MASK] . [SEP],"the Hague , France",United Kingdom,0,United Kingdom,0,-1.81703
[CLS] J . Barbour:2 and Sons is located in [MASK] [MASK] . [SEP],the town,United Kingdom,0,United Kingdom,0,-1.59705
[CLS] Apple Records is located in [MASK] [MASK] [MASK] . [SEP],U . S,United Kingdom,0,United Kingdom,0,-0.55038
[CLS] Wolters:3 Kluwer:3 is located in [MASK] [MASK] . [SEP],the town,Netherlands,0,Netherlands,0,-2.02340
[CLS] SiSoftware:4 is located in [MASK] [MASK] [MASK] [MASK] . [SEP],", , , ,",United Kingdom,0,United Kingdom,0,-1.39309
[CLS] Ilford:2 Photo is located in [MASK] [MASK] . [SEP],Ilford:2,United Kingdom,0,United Kingdom,0,-0.03573
[CLS] Old Mutual:2 is located in [MASK] [MASK] [MASK] [MASK] [MASK] . [SEP],"the , , , ,",United Kingdom,0,United Kingdom,0,-1.45445
[CLS] Associated British Foods is located in [MASK] [MASK] [MASK] [MASK] [MASK] . [SEP],"the , , , ,",United Kingdom,0,United Kingdom,0,-1.34060
[CLS] Carphone:2 Warehouse:2 is located in [MASK] [MASK] . [SEP],Carphone:2,United Kingdom,0,United Kingdom,0,-1.12848
[CLS] Trojan:3 Records is located in [MASK] [MASK] [MASK] [MASK] [MASK] . [SEP],"the , , , ,",United Kingdom,0,United Kingdom,0,-1.48128
[CLS] Southern Fried:2 Records is located in [MASK] [MASK] [MASK] [MASK] [MASK] . [SEP],"the , , , ,",United Kingdom,0,United Kingdom,0,-1.46873
[CLS] Ilmor:2 is located in [MASK] [MASK] [MASK] [MASK] [MASK] . [SEP],the . of of s,United Kingdom,0,United Kingdom,0,-1.92882
[CLS] 4J:2 Studios is located in [MASK] [MASK] [MASK] [MASK] [MASK] . [SEP],"the , , , ,",United Kingdom,0,United Kingdom,0,-1.61174
[CLS] Mute:2 Records is located in [MASK] [MASK] [MASK] [MASK] [MASK] . [SEP],"the , , , ,",United Kingdom,0,United Kingdom,0,-1.63237
[CLS] Transearch:3 International is located in [MASK] [MASK] [MASK] [MASK] [MASK] . [SEP],"the city , , ,",United Kingdom,0,United Kingdom,0,-1.37815
[CLS] AK Press is located in [MASK] [MASK] [MASK] [MASK] [MASK] . [SEP],"the . , . ,",United States of America,0,United States of America,0,-1.46674
[CLS] TV National Geographic Channel Animal in Germany is located in [MASK] [MASK] [MASK] [MASK] . [SEP],the state of Germany,United States of America,0,United States of America,0,-1.69821
